pair,speaker,transition_frame,layer,window,near_mean,control_mean,near_minus_control
sel1,0,24,TCN.TCN.9.conv1d,5,0.013391327091009143,0.24754121061331613,-0.23414988352230698
sel1,0,24,TCN.TCN.9.conv1d,10,0.007014504666719075,0.12692776063664798,-0.11991325596992891
sel1,0,24,TCN.TCN.23.conv1d,5,0.06982839991055728,0.2701012235418767,-0.20027282363131943
sel1,0,24,TCN.TCN.23.conv1d,10,0.06575377289359076,0.18204985843290017,-0.11629608553930941
sel1,1,34,TCN.TCN.9.conv1d,5,0.0,0.03584372862651933,-0.03584372862651933
sel1,1,34,TCN.TCN.9.conv1d,10,0.0227819613277301,0.15787082365658622,-0.1350888623288561
sel1,1,34,TCN.TCN.23.conv1d,5,0.39193075099371444,0.3344619692293365,0.05746878176437792
sel1,1,34,TCN.TCN.23.conv1d,10,0.34906691094942927,0.05411155349822273,0.29495535745120655
sel2,0,38,TCN.TCN.9.conv1d,5,0.49491311887690786,0.028226459344437328,0.4666866595324705
sel2,0,38,TCN.TCN.9.conv1d,10,0.3618181894045565,0.22374768110874632,0.1380705082958102
sel2,0,102,TCN.TCN.9.conv1d,5,0.0,0.44448393064896163,-0.44448393064896163
sel2,0,102,TCN.TCN.9.conv1d,10,0.0,0.2583337033619064,-0.2583337033619064
sel2,0,38,TCN.TCN.23.conv1d,5,0.1978459904275632,0.0,0.1978459904275632
sel2,0,38,TCN.TCN.23.conv1d,10,0.29251311704309246,0.0,0.29251311704309246
sel2,0,102,TCN.TCN.23.conv1d,5,0.3766431924697329,0.0,0.3766431924697329
sel2,0,102,TCN.TCN.23.conv1d,10,0.28489962434097793,0.0,0.28489962434097793
sel2,1,34,TCN.TCN.9.conv1d,5,0.05089000780364652,0.0,0.05089000780364652
sel2,1,34,TCN.TCN.9.conv1d,10,0.04902196600917791,0.009956913365637787,0.03906505264354012
sel2,1,34,TCN.TCN.23.conv1d,5,0.6103165392204822,0.20854340553193243,0.40177313368854983
sel2,1,34,TCN.TCN.23.conv1d,10,0.6155036971145594,0.16564540497673833,0.44985829213782114
sel3,0,36,TCN.TCN.9.conv1d,5,0.0077126154090715405,0.05199040093095256,-0.04427778552188102
sel3,0,36,TCN.TCN.9.conv1d,10,0.08575406230758446,0.18548716865642317,-0.09973310634883871
sel3,0,36,TCN.TCN.23.conv1d,5,0.40512433478194415,0.21854974192834825,0.1865745928535959
sel3,0,36,TCN.TCN.23.conv1d,10,0.3598372965307796,0.24551898361204272,0.1143183129187369
sel3,1,32,TCN.TCN.9.conv1d,5,0.2882578509566364,0.015583254873803161,0.27267459608283323
sel3,1,32,TCN.TCN.9.conv1d,10,0.2901249986167243,0.1529185530178999,0.13720644559882442
sel3,1,32,TCN.TCN.23.conv1d,5,0.36745657239838375,0.039003572503823976,0.3284529998945598
sel3,1,32,TCN.TCN.23.conv1d,10,0.39360274533849954,0.02878239518784622,0.36482035015065334
sel4,0,18,TCN.TCN.9.conv1d,5,0.10211126611344518,0.1046521896695182,-0.0025409235560730214
sel4,0,18,TCN.TCN.9.conv1d,10,0.08352929224896576,0.5271511325675495,-0.44362184031858376
sel4,0,18,TCN.TCN.23.conv1d,5,0.10136042552909603,0.0,0.10136042552909603
sel4,0,18,TCN.TCN.23.conv1d,10,0.053093556229526495,0.07641934368303283,-0.02332578745350633
sel4,1,18,TCN.TCN.9.conv1d,5,0.1359934300982025,0.0,0.1359934300982025
sel4,1,18,TCN.TCN.9.conv1d,10,0.08623968534766856,0.0,0.08623968534766856
sel4,1,18,TCN.TCN.23.conv1d,5,0.4756247016356857,0.5045974182718781,-0.028972716636192386
sel4,1,18,TCN.TCN.23.conv1d,10,0.37463188832827726,0.08695286757988062,0.28767902074839663
sel5,0,34,TCN.TCN.9.conv1d,5,0.21894603517334346,0.2869974165986999,-0.06805138142535641
sel5,0,34,TCN.TCN.9.conv1d,10,0.270278189059344,0.21226516891896705,0.05801302014037693
sel5,0,34,TCN.TCN.23.conv1d,5,0.3480917793388748,0.42530436371701424,-0.07721258437813944
sel5,0,34,TCN.TCN.23.conv1d,10,0.3023001478814479,0.12841819977290164,0.17388194810854624
sel5,1,10,TCN.TCN.9.conv1d,5,0.4681636481556829,0.019162807967829206,0.4490008401878537
sel5,1,10,TCN.TCN.9.conv1d,10,0.4612952906245455,0.16069250002695687,0.30060279059758865
sel5,1,80,TCN.TCN.9.conv1d,5,0.3838489156415353,0.14819494746600584,0.23565396817552944
sel5,1,80,TCN.TCN.9.conv1d,10,0.4035056085575652,0.4191718985927445,-0.01566629003517933
sel5,1,86,TCN.TCN.9.conv1d,5,0.5819046604162055,0.11978257790664908,0.4621220825095564
sel5,1,86,TCN.TCN.9.conv1d,10,0.44103748121748554,0.0897550008729732,0.35128248034451237
sel5,1,10,TCN.TCN.23.conv1d,5,0.6021849468585473,0.004956186663790394,0.5972287601947569
sel5,1,10,TCN.TCN.23.conv1d,10,0.4807307744345936,0.00284502714214439,0.4778857472924492
sel5,1,80,TCN.TCN.23.conv1d,5,0.018905848559618344,0.3077035816338593,-0.28879773307424095
sel5,1,80,TCN.TCN.23.conv1d,10,0.08560467632735275,0.4864418781037157,-0.40083720177636295
sel5,1,86,TCN.TCN.23.conv1d,5,0.3451386776003951,0.5629843773808801,-0.217845699780485
sel5,1,86,TCN.TCN.23.conv1d,10,0.3781355449066119,0.5177851218442038,-0.1396495769375919
sel6,0,22,TCN.TCN.9.conv1d,5,0.29892201971619836,0.23426672984494032,0.06465528987125804
sel6,0,22,TCN.TCN.9.conv1d,10,0.2826121085786058,0.0,0.2826121085786058
sel6,0,128,TCN.TCN.9.conv1d,5,0.0,0.0,0.0
sel6,0,128,TCN.TCN.9.conv1d,10,0.01997625157117167,0.0,0.01997625157117167
sel6,0,136,TCN.TCN.9.conv1d,5,0.04848390657301047,0.0,0.04848390657301047
sel6,0,136,TCN.TCN.9.conv1d,10,0.057195257844270625,0.14672959435679522,-0.0895343365125246
sel6,0,22,TCN.TCN.23.conv1d,5,0.0,0.0,0.0
sel6,0,22,TCN.TCN.23.conv1d,10,0.0,0.0,0.0
sel6,0,128,TCN.TCN.23.conv1d,5,0.0,0.0,0.0
sel6,0,128,TCN.TCN.23.conv1d,10,0.0,0.0011316242025198795,-0.0011316242025198795
sel6,0,136,TCN.TCN.23.conv1d,5,0.0,0.651606647230566,-0.651606647230566
sel6,0,136,TCN.TCN.23.conv1d,10,0.0,0.0,0.0
sel6,1,38,TCN.TCN.9.conv1d,5,0.3318989457708252,0.3067255100580583,0.025173435712766867
sel6,1,38,TCN.TCN.9.conv1d,10,0.4540652345981731,0.4571572511431874,-0.0030920165450142867
sel6,1,100,TCN.TCN.9.conv1d,5,0.21755918233363722,0.34000356587680947,-0.12244438354317225
sel6,1,100,TCN.TCN.9.conv1d,10,0.27661309738492135,0.08785879140427252,0.18875430598064882
sel6,1,38,TCN.TCN.23.conv1d,5,0.22369685722844235,0.0,0.22369685722844235
sel6,1,38,TCN.TCN.23.conv1d,10,0.11717454426251742,0.04562062859537911,0.07155391566713831
sel6,1,100,TCN.TCN.23.conv1d,5,0.34668898767044,0.008027214566329238,0.3386617731041107
sel6,1,100,TCN.TCN.23.conv1d,10,0.2245841331593862,0.11075223565066632,0.11383189750871987
sel7,0,20,TCN.TCN.9.conv1d,5,0.06022690675659996,0.432699615296192,-0.372472708539592
sel7,0,20,TCN.TCN.9.conv1d,10,0.032676069622526636,0.07327529845008199,-0.04059922882755535
sel7,0,20,TCN.TCN.23.conv1d,5,0.13135656218876648,0.6152861114918887,-0.48392954930312226
sel7,0,20,TCN.TCN.23.conv1d,10,0.16512063694135914,0.33955662003186843,-0.17443598309050928
sel7,1,34,TCN.TCN.9.conv1d,5,0.07861308735150607,0.05441812244100572,0.024194964910500355
sel7,1,34,TCN.TCN.9.conv1d,10,0.13368596197256716,0.07741419921384304,0.056271762758724114
sel7,1,34,TCN.TCN.23.conv1d,5,0.2826491883851506,0.0,0.2826491883851506
sel7,1,34,TCN.TCN.23.conv1d,10,0.29719720420612555,0.15975315787226338,0.13744404633386217
sel8,0,32,TCN.TCN.9.conv1d,5,0.0,0.3472970305624601,-0.3472970305624601
sel8,0,32,TCN.TCN.9.conv1d,10,0.003445310053751013,0.24190042888676214,-0.23845511883301113
sel8,0,32,TCN.TCN.23.conv1d,5,0.20100296449340166,0.22801716833479127,-0.02701420384138961
sel8,0,32,TCN.TCN.23.conv1d,10,0.31040181990773974,0.45269301633144987,-0.14229119642371013
sel8,1,28,TCN.TCN.9.conv1d,5,0.17006133117139227,0.0,0.17006133117139227
sel8,1,28,TCN.TCN.9.conv1d,10,0.2446158933866914,0.020966561172350146,0.22364933221434125
sel8,1,28,TCN.TCN.23.conv1d,5,0.6483679119066864,0.1796199931224819,0.4687479187842045
sel8,1,28,TCN.TCN.23.conv1d,10,0.44299534768726767,0.14165336501031855,0.3013419826769491
sel9,0,32,TCN.TCN.9.conv1d,5,0.08587658948045668,0.15834364072085017,-0.07246705124039349
sel9,0,32,TCN.TCN.9.conv1d,10,0.12231579342940976,0.032854409739297444,0.08946138369011232
sel9,0,150,TCN.TCN.9.conv1d,5,0.0,0.379169584129531,-0.379169584129531
sel9,0,150,TCN.TCN.9.conv1d,10,0.0,0.0,0.0
sel9,0,158,TCN.TCN.9.conv1d,5,0.1447397597609278,0.1103964157270676,0.03434334403386019
sel9,0,158,TCN.TCN.9.conv1d,10,0.15389219523684555,0.39533276720412225,-0.2414405719672767
sel9,0,32,TCN.TCN.23.conv1d,5,0.33559567242192956,0.6292401783291586,-0.293644505907229
sel9,0,32,TCN.TCN.23.conv1d,10,0.33348885512594134,0.16362339323960465,0.1698654618863367
sel9,0,150,TCN.TCN.23.conv1d,5,0.19512202285938612,0.6504611363414577,-0.4553391134820716
sel9,0,150,TCN.TCN.23.conv1d,10,0.25129585652767505,0.6283201424146272,-0.37702428588695214
sel9,0,158,TCN.TCN.23.conv1d,5,0.007289618661966164,0.1796820438503149,-0.1723924251883487
sel9,0,158,TCN.TCN.23.conv1d,10,0.0038183716800775144,0.3657600594110912,-0.36194168773101365
sel9,1,28,TCN.TCN.9.conv1d,5,0.2785380801176501,0.20376533232306232,0.07477274779458776
sel9,1,28,TCN.TCN.9.conv1d,10,0.3274143638785542,0.08702172672393498,0.24039263715461923
sel9,1,28,TCN.TCN.23.conv1d,5,0.06914335372802206,0.053133607733323644,0.01600974599469842
sel9,1,28,TCN.TCN.23.conv1d,10,0.06507266088776024,0.22049432520488177,-0.1554216643171215
sel10,0,22,TCN.TCN.9.conv1d,5,0.0,0.34907896764183843,-0.34907896764183843
sel10,0,22,TCN.TCN.9.conv1d,10,0.0,0.09031433623395194,-0.09031433623395194
sel10,0,152,TCN.TCN.9.conv1d,5,0.0,0.0,0.0
sel10,0,152,TCN.TCN.9.conv1d,10,0.0,0.09084203236695047,-0.09084203236695047
sel10,0,158,TCN.TCN.9.conv1d,5,0.0,0.0,0.0
sel10,0,158,TCN.TCN.9.conv1d,10,0.0,0.02623420176086881,-0.02623420176086881
sel10,0,22,TCN.TCN.23.conv1d,5,0.191160954311042,0.6192011945823594,-0.4280402402713175
sel10,0,22,TCN.TCN.23.conv1d,10,0.18054463533565657,0.6050253474136907,-0.4244807120780342
sel10,0,152,TCN.TCN.23.conv1d,5,0.5626314198482758,0.6889598236836111,-0.12632840383533528
sel10,0,152,TCN.TCN.23.conv1d,10,0.5760869656691515,0.7363745297648351,-0.16028756409568357
sel10,0,158,TCN.TCN.23.conv1d,5,0.5322231277992444,0.36741402040082954,0.16480910739841487
sel10,0,158,TCN.TCN.23.conv1d,10,0.5444164528736145,0.4763447063925333,0.06807174648108122
sel10,1,34,TCN.TCN.9.conv1d,5,0.0,0.03797164950704335,-0.03797164950704335
sel10,1,34,TCN.TCN.9.conv1d,10,0.12637146105109803,0.00497416638711245,0.12139729466398558
sel10,1,174,TCN.TCN.9.conv1d,5,0.5285068794244272,0.44368083350538595,0.08482604591904125
sel10,1,174,TCN.TCN.9.conv1d,10,0.5677563101721399,0.5259279143789646,0.04182839579317532
sel10,1,34,TCN.TCN.23.conv1d,5,0.42845262697442976,0.26425682920228194,0.16419579777214782
sel10,1,34,TCN.TCN.23.conv1d,10,0.3983813358247258,0.20157462620297337,0.19680670962175242
sel10,1,174,TCN.TCN.23.conv1d,5,0.30116591126911074,0.0,0.30116591126911074
sel10,1,174,TCN.TCN.23.conv1d,10,0.30588699106419037,0.0,0.30588699106419037
sel11,0,34,TCN.TCN.9.conv1d,5,0.044921215403545774,0.15375090925717563,-0.10882969385362987
sel11,0,34,TCN.TCN.9.conv1d,10,0.04855026389686397,0.12310097420044853,-0.07455071030358457
sel11,0,34,TCN.TCN.23.conv1d,5,0.08084470885674128,0.32886530678879633,-0.24802059793205505
sel11,0,34,TCN.TCN.23.conv1d,10,0.04382915375355017,0.04951728670156731,-0.0056881329480171425
sel11,1,30,TCN.TCN.9.conv1d,5,0.2412744682183088,0.040727365038415723,0.20054710317989308
sel11,1,30,TCN.TCN.9.conv1d,10,0.2590512044034331,0.02751697829444003,0.23153422610899307
sel11,1,30,TCN.TCN.23.conv1d,5,0.10670910480887502,0.39418615663172224,-0.2874770518228472
sel11,1,30,TCN.TCN.23.conv1d,10,0.1220257665619034,0.19438687847512373,-0.07236111191322032
sel12,0,26,TCN.TCN.9.conv1d,5,0.23445182219257668,0.47387370139256324,-0.23942187919998656
sel12,0,26,TCN.TCN.9.conv1d,10,0.3566720396154273,0.5132123317712166,-0.1565402921557893
sel12,0,26,TCN.TCN.23.conv1d,5,0.300700239979605,0.7929870295617371,-0.49228678958213207
sel12,0,26,TCN.TCN.23.conv1d,10,0.3311210829727547,0.3061050538334342,0.025016029139320495
sel12,1,8,TCN.TCN.9.conv1d,5,0.02793000856792324,0.29266972994554086,-0.26473972137761764
sel12,1,8,TCN.TCN.9.conv1d,10,0.07271034131190439,0.6320896927984736,-0.5593793514865693
sel12,1,8,TCN.TCN.23.conv1d,5,0.17144523894712635,0.19764789118208173,-0.02620265223495538
sel12,1,8,TCN.TCN.23.conv1d,10,0.10943135715658923,0.1811626148825791,-0.07173125772598986
sel13,0,20,TCN.TCN.9.conv1d,5,0.45539985475827655,0.08065168462387524,0.3747481701344013
sel13,0,20,TCN.TCN.9.conv1d,10,0.4523001106503938,0.31646413278783525,0.13583597786255858
sel13,0,108,TCN.TCN.9.conv1d,5,0.6781676887976616,0.31818985081046863,0.359977837987193
sel13,0,108,TCN.TCN.9.conv1d,10,0.6784668756072643,0.5582876842207243,0.12017919138653999
sel13,0,124,TCN.TCN.9.conv1d,5,0.6393181144638949,0.32462517495458215,0.3146929395093127
sel13,0,124,TCN.TCN.9.conv1d,10,0.41975992674589996,0.2673890730216721,0.15237085372422787
sel13,0,20,TCN.TCN.23.conv1d,5,0.0,0.11988186605503791,-0.11988186605503791
sel13,0,20,TCN.TCN.23.conv1d,10,0.0,0.10825866722439999,-0.10825866722439999
sel13,0,108,TCN.TCN.23.conv1d,5,0.23486451886005166,0.08780277092630812,0.14706174793374355
sel13,0,108,TCN.TCN.23.conv1d,10,0.13301999086508268,0.31470310644622634,-0.18168311558114367
sel13,0,124,TCN.TCN.23.conv1d,5,0.049195772889413146,0.08874910559778558,-0.039553332708372434
sel13,0,124,TCN.TCN.23.conv1d,10,0.146207031732725,0.3402072981478673,-0.19400026641514231
sel13,1,12,TCN.TCN.9.conv1d,5,0.17335188594859177,0.20291656013262893,-0.02956467418403716
sel13,1,12,TCN.TCN.9.conv1d,10,0.24655732377893425,0.2800255193259701,-0.03346819554703584
sel13,1,148,TCN.TCN.9.conv1d,5,0.47320838137811433,0.3920007016483742,0.08120767972974013
sel13,1,148,TCN.TCN.9.conv1d,10,0.40164578329969464,0.549837062656521,-0.14819127935682636
sel13,1,12,TCN.TCN.23.conv1d,5,0.0,0.43996534017198513,-0.43996534017198513
sel13,1,12,TCN.TCN.23.conv1d,10,0.004748677238339127,0.2304580353281827,-0.22570935808984358
sel13,1,148,TCN.TCN.23.conv1d,5,0.7693946250910709,0.0,0.7693946250910709
sel13,1,148,TCN.TCN.23.conv1d,10,0.5931536981718756,0.017597766406066914,0.5755559317658087
sel14,0,16,TCN.TCN.9.conv1d,5,0.045699165412382774,0.02045610816783977,0.025243057244543003
sel14,0,16,TCN.TCN.9.conv1d,10,0.10990982561600252,0.01071510427839226,0.09919472133761026
sel14,0,16,TCN.TCN.23.conv1d,5,0.3047443878206986,0.05762386757908118,0.24712052024161746
sel14,0,16,TCN.TCN.23.conv1d,10,0.3011767322022458,0.20237354384672418,0.0988031883555216
sel14,1,32,TCN.TCN.9.conv1d,5,0.04845909784363887,0.4085200056592386,-0.36006090781559974
sel14,1,32,TCN.TCN.9.conv1d,10,0.06733352660426428,0.36102641096060467,-0.2936928843563404
sel14,1,172,TCN.TCN.9.conv1d,5,0.032021814916127274,0.0,0.032021814916127274
sel14,1,172,TCN.TCN.9.conv1d,10,0.08894198100514333,0.05910698225248727,0.029834998752656064
sel14,1,32,TCN.TCN.23.conv1d,5,0.12120401744265248,0.25589420118407524,-0.13469018374142278
sel14,1,32,TCN.TCN.23.conv1d,10,0.2425106506404456,0.17829021439355838,0.06422043624688722
sel14,1,172,TCN.TCN.23.conv1d,5,0.019088059104458724,0.09346313880580301,-0.07437507970134428
sel14,1,172,TCN.TCN.23.conv1d,10,0.025526555365425353,0.3310830720778726,-0.3055565167124472
sel15,0,22,TCN.TCN.9.conv1d,5,0.24236102606559778,0.13890000356981794,0.10346102249577985
sel15,0,22,TCN.TCN.9.conv1d,10,0.19803239374693124,0.061979923614276095,0.13605247013265515
sel15,0,22,TCN.TCN.23.conv1d,5,0.3229540146651089,0.4063993981529975,-0.0834453834878886
sel15,0,22,TCN.TCN.23.conv1d,10,0.29973832418446955,0.40071126225752274,-0.10097293807305319
sel15,1,36,TCN.TCN.9.conv1d,5,0.6426545002586254,0.03475084247724947,0.6079036577813759
sel15,1,36,TCN.TCN.9.conv1d,10,0.5328010550584067,0.3644212829153015,0.16837977214310518
sel15,1,36,TCN.TCN.23.conv1d,5,0.45924611189008574,0.24849276707146106,0.21075334481862468
sel15,1,36,TCN.TCN.23.conv1d,10,0.4978517837344017,0.5456059318064205,-0.047754148072018776
sel16,0,34,TCN.TCN.9.conv1d,5,0.09320184810882964,0.0,0.09320184810882964
sel16,0,34,TCN.TCN.9.conv1d,10,0.23669294434094332,0.0,0.23669294434094332
sel16,0,154,TCN.TCN.9.conv1d,5,0.022247575450035775,0.23566901662374473,-0.21342144117370895
sel16,0,154,TCN.TCN.9.conv1d,10,0.029680068700365738,0.09999187064726124,-0.0703118019468955
sel16,0,34,TCN.TCN.23.conv1d,5,0.5164260701693613,0.6066146902450886,-0.09018862007572737
sel16,0,34,TCN.TCN.23.conv1d,10,0.5022136156236936,0.444459279380454,0.05775433624323961
sel16,0,154,TCN.TCN.23.conv1d,5,0.10496355303100793,0.05243578066350429,0.052527772367503646
sel16,0,154,TCN.TCN.23.conv1d,10,0.23468261496489384,0.4736208498434348,-0.23893823487854093
sel16,1,28,TCN.TCN.9.conv1d,5,0.021638268571456867,0.2152405965010108,-0.19360232792955392
sel16,1,28,TCN.TCN.9.conv1d,10,0.013163114644053267,0.36622500998696783,-0.35306189534291454
sel16,1,28,TCN.TCN.23.conv1d,5,0.027371368383537754,0.6599895039589477,-0.63261813557541
sel16,1,28,TCN.TCN.23.conv1d,10,0.09864844339145802,0.026096694608026164,0.07255174878343186
sel17,0,16,TCN.TCN.9.conv1d,5,0.05220756387791476,0.18236342682630324,-0.1301558629483885
sel17,0,16,TCN.TCN.9.conv1d,10,0.028079702352054994,0.15562876442146867,-0.1275490620694137
sel17,0,16,TCN.TCN.23.conv1d,5,0.42060895255508596,0.3338039251071045,0.08680502744798146
sel17,0,16,TCN.TCN.23.conv1d,10,0.4289378721234218,0.06928472313704964,0.3596531489863722
sel17,1,14,TCN.TCN.9.conv1d,5,0.015097808135743395,0.0,0.015097808135743395
sel17,1,14,TCN.TCN.9.conv1d,10,0.061872253207245244,0.0,0.061872253207245244
sel17,1,14,TCN.TCN.23.conv1d,5,0.6103032182267282,0.06576375900803794,0.5445394592186903
sel17,1,14,TCN.TCN.23.conv1d,10,0.48471678543473573,0.10003360513428193,0.3846831803004538
sel18,0,30,TCN.TCN.9.conv1d,5,0.07144983337780918,0.3087950453471422,-0.237345211969333
sel18,0,30,TCN.TCN.9.conv1d,10,0.059155490307654865,0.24127580354077194,-0.18212031323311706
sel18,0,124,TCN.TCN.9.conv1d,5,0.10332535102601267,0.22861898033312594,-0.12529362930711327
sel18,0,124,TCN.TCN.9.conv1d,10,0.07734164054328808,0.1177798982757303,-0.04043825773244221
sel18,0,154,TCN.TCN.9.conv1d,5,0.43594286288147777,0.5780823657351224,-0.14213950285364463
sel18,0,154,TCN.TCN.9.conv1d,10,0.34956126570561113,0.25209682181814824,0.09746444388746289
sel18,0,30,TCN.TCN.23.conv1d,5,0.10701960482961162,0.028617267536920777,0.07840233729269085
sel18,0,30,TCN.TCN.23.conv1d,10,0.08274426852586211,0.2660745507969809,-0.18333028227111878
sel18,0,124,TCN.TCN.23.conv1d,5,0.0048217449566232105,0.5509056353016742,-0.546083890345051
sel18,0,124,TCN.TCN.23.conv1d,10,0.04969003757672245,0.5895764051272838,-0.5398863675505614
sel18,0,154,TCN.TCN.23.conv1d,5,0.05383190730426433,0.5594206545315671,-0.5055887472273027
sel18,0,154,TCN.TCN.23.conv1d,10,0.11746295484324239,0.4338669244880854,-0.316403969644843
sel18,1,16,TCN.TCN.9.conv1d,5,0.5277481176658233,0.3579861515644253,0.169761966101398
sel18,1,16,TCN.TCN.9.conv1d,10,0.4866386106253763,0.15129632265567408,0.3353422879697022
sel18,1,16,TCN.TCN.23.conv1d,5,0.503222637343126,0.09303975081526829,0.4101828865278577
sel18,1,16,TCN.TCN.23.conv1d,10,0.4085637386771299,0.022808931967009276,0.38575480671012063
sel19,0,26,TCN.TCN.9.conv1d,5,0.5535386828704604,0.4249289408634798,0.12860974200698055
sel19,0,26,TCN.TCN.9.conv1d,10,0.4677204245785345,0.22787952193810448,0.23984090264043004
sel19,0,150,TCN.TCN.9.conv1d,5,0.031029005974010215,0.19763455949616418,-0.16660555352215398
sel19,0,150,TCN.TCN.9.conv1d,10,0.031349543673875234,0.2107141311704725,-0.17936458749659726
sel19,0,168,TCN.TCN.9.conv1d,5,0.406434149051144,0.5396730893733228,-0.1332389403221788
sel19,0,168,TCN.TCN.9.conv1d,10,0.4078751774531505,0.5105076833245705,-0.10263250587142003
sel19,0,26,TCN.TCN.23.conv1d,5,0.3143902357217799,0.515157093062498,-0.20076685734071814
sel19,0,26,TCN.TCN.23.conv1d,10,0.3618578466748306,0.2936455390077484,0.0682123076670822
sel19,0,150,TCN.TCN.23.conv1d,5,0.07756887751401438,0.21974371242743665,-0.14217483491342225
sel19,0,150,TCN.TCN.23.conv1d,10,0.16831391393385076,0.3629367238073571,-0.19462280987350633
sel19,0,168,TCN.TCN.23.conv1d,5,0.3502780150005404,0.5584215182852568,-0.20814350328471637
sel19,0,168,TCN.TCN.23.conv1d,10,0.42673428650604417,0.36242775046358466,0.0643065360424595
sel19,1,14,TCN.TCN.9.conv1d,5,0.0,0.0,0.0
sel19,1,14,TCN.TCN.9.conv1d,10,0.0,0.09404883086252583,-0.09404883086252583
sel19,1,14,TCN.TCN.23.conv1d,5,0.003394035385090803,0.5978301576429211,-0.5944361222578304
sel19,1,14,TCN.TCN.23.conv1d,10,0.01590447573983787,0.12449582743188024,-0.10859135169204237
sel20,0,36,TCN.TCN.9.conv1d,5,0.003103160598500232,0.07063043905197378,-0.06752727845347355
sel20,0,36,TCN.TCN.9.conv1d,10,0.17781635081279565,0.16550426307981536,0.012312087732980287
sel20,0,36,TCN.TCN.23.conv1d,5,0.21262663940216778,0.2737842601338322,-0.06115762073166445
sel20,0,36,TCN.TCN.23.conv1d,10,0.2737151807908831,0.30763614426030544,-0.03392096346942236
sel20,1,16,TCN.TCN.9.conv1d,5,0.0760683206057457,0.0033742778684026104,0.07269404273734309
sel20,1,16,TCN.TCN.9.conv1d,10,0.03984531079348584,0.0,0.03984531079348584
sel20,1,16,TCN.TCN.23.conv1d,5,0.7174001725666798,0.14487301076544115,0.5725271618012386
sel20,1,16,TCN.TCN.23.conv1d,10,0.768419945264129,0.009449187299297482,0.7589707579648316
hold1,0,32,TCN.TCN.9.conv1d,5,0.5206967494592134,0.5085307440458672,0.012166005413346226
hold1,0,32,TCN.TCN.9.conv1d,10,0.4209638972417212,0.1881216485325845,0.23284224870913667
hold1,0,32,TCN.TCN.23.conv1d,5,0.07362719442574851,0.5204602543039637,-0.4468330598782152
hold1,0,32,TCN.TCN.23.conv1d,10,0.15454743280279676,0.51077049434963,-0.3562230615468332
hold1,1,16,TCN.TCN.9.conv1d,5,0.5310724266895278,0.0917471958453996,0.4393252308441282
hold1,1,16,TCN.TCN.9.conv1d,10,0.5465008962038425,0.06436075315587916,0.48214014304796327
hold1,1,16,TCN.TCN.23.conv1d,5,0.0,0.1759838992440012,-0.1759838992440012
hold1,1,16,TCN.TCN.23.conv1d,10,0.0,0.3725078820288741,-0.3725078820288741
hold2,0,24,TCN.TCN.9.conv1d,5,0.1910794073374009,0.005413634345719804,0.18566577299168108
hold2,0,24,TCN.TCN.9.conv1d,10,0.26859688738338877,0.007457533477044657,0.26113935390634413
hold2,0,24,TCN.TCN.23.conv1d,5,0.11377265533727812,0.19085882532927914,-0.07708616999200102
hold2,0,24,TCN.TCN.23.conv1d,10,0.17371551861826343,0.15575529291713355,0.017960225701129873
hold2,1,32,TCN.TCN.9.conv1d,5,0.38505592273766936,0.39626246717670327,-0.011206544439033905
hold2,1,32,TCN.TCN.9.conv1d,10,0.4684409838964221,0.14886490238446975,0.3195760815119523
hold2,1,92,TCN.TCN.9.conv1d,5,1.924471747917255e-05,0.09716452718555667,-0.09714528246807749
hold2,1,92,TCN.TCN.9.conv1d,10,0.059686217758973564,0.031380599920608154,0.02830561783836541
hold2,1,102,TCN.TCN.9.conv1d,5,0.24629634082618287,0.10289136893864716,0.1434049718875357
hold2,1,102,TCN.TCN.9.conv1d,10,0.21158714538241824,0.3777292933675057,-0.16614214798508747
hold2,1,32,TCN.TCN.23.conv1d,5,0.3786962347012024,0.0,0.3786962347012024
hold2,1,32,TCN.TCN.23.conv1d,10,0.3664395746097715,0.05779475519367178,0.3086448194160997
hold2,1,92,TCN.TCN.23.conv1d,5,0.25959727078706896,0.10486331318732639,0.15473395759974257
hold2,1,92,TCN.TCN.23.conv1d,10,0.28237091989471874,0.4667024146064981,-0.18433149471177934
hold2,1,102,TCN.TCN.23.conv1d,5,0.5026982412147908,0.423625319332259,0.07907292188253179
hold2,1,102,TCN.TCN.23.conv1d,10,0.47896953463224856,0.3472581649155054,0.1317113697167432
hold3,0,32,TCN.TCN.9.conv1d,5,0.20630631654346995,0.39682938318879013,-0.19052306664532018
hold3,0,32,TCN.TCN.9.conv1d,10,0.2844728670787469,0.22164218522820664,0.06283068185054028
hold3,0,88,TCN.TCN.9.conv1d,5,0.1838142233965664,0.12054285765085257,0.06327136574571382
hold3,0,88,TCN.TCN.9.conv1d,10,0.13069175031581304,0.10891999572167622,0.021771754594136813
hold3,0,102,TCN.TCN.9.conv1d,5,0.0,0.11984016408467008,-0.11984016408467008
hold3,0,102,TCN.TCN.9.conv1d,10,0.0,0.08030264213285718,-0.08030264213285718
hold3,0,32,TCN.TCN.23.conv1d,5,0.4569942259387089,0.6340193944649871,-0.1770251685262782
hold3,0,32,TCN.TCN.23.conv1d,10,0.4007161040328639,0.3886483700529322,0.012067733979931716
hold3,0,88,TCN.TCN.23.conv1d,5,0.448771301430312,0.1302648746958179,0.31850642673449414
hold3,0,88,TCN.TCN.23.conv1d,10,0.3967106191781512,0.05704784627698457,0.33966277290116664
hold3,0,102,TCN.TCN.23.conv1d,5,0.3274076270963934,0.3303569675418347,-0.002949340445441262
hold3,0,102,TCN.TCN.23.conv1d,10,0.3325941735852376,0.21704308276205386,0.11555109082318371
hold3,1,20,TCN.TCN.9.conv1d,5,0.2652044529450762,0.5728014276815186,-0.30759697473644243
hold3,1,20,TCN.TCN.9.conv1d,10,0.34164156011913,0.35688659966364517,-0.015245039544515171
hold3,1,20,TCN.TCN.23.conv1d,5,0.0,0.0,0.0
hold3,1,20,TCN.TCN.23.conv1d,10,0.002787973395273119,0.4155940730601717,-0.41280609966489856
hold4,0,16,TCN.TCN.9.conv1d,5,0.16640325762581,0.00276887523861124,0.16363438238719877
hold4,0,16,TCN.TCN.9.conv1d,10,0.18587444862744623,0.07619228238308076,0.10968216624436547
hold4,0,16,TCN.TCN.23.conv1d,5,0.23752669071498672,0.29589241083372547,-0.05836572011873875
hold4,0,16,TCN.TCN.23.conv1d,10,0.20291933741263182,0.2739807782100958,-0.07106144079746399
hold4,1,36,TCN.TCN.9.conv1d,5,0.05965765449926685,0.0,0.05965765449926685
hold4,1,36,TCN.TCN.9.conv1d,10,0.031249247594854063,0.29808793083848173,-0.2668386832436277
hold4,1,126,TCN.TCN.9.conv1d,5,0.10461905154650145,0.5500905375770021,-0.4454714860305007
hold4,1,126,TCN.TCN.9.conv1d,10,0.06197365016226683,0.4564581558896664,-0.39448450572739957
hold4,1,36,TCN.TCN.23.conv1d,5,0.024501554111884375,0.0,0.024501554111884375
hold4,1,36,TCN.TCN.23.conv1d,10,0.1261448657078929,0.5749211116049704,-0.4487762458970775
hold4,1,126,TCN.TCN.23.conv1d,5,0.0,0.0,0.0
hold4,1,126,TCN.TCN.23.conv1d,10,0.0,0.7073525728335539,-0.7073525728335539
hold5,0,26,TCN.TCN.9.conv1d,5,0.3347095029445976,0.19195453425386474,0.14275496869073287
hold5,0,26,TCN.TCN.9.conv1d,10,0.2592350714965318,0.12368566294025311,0.13554940855627867
hold5,0,76,TCN.TCN.9.conv1d,5,0.6503328591707117,0.39433608069023324,0.25599677848047847
hold5,0,76,TCN.TCN.9.conv1d,10,0.6175990439934355,0.31240311397580944,0.305195930017626
hold5,0,84,TCN.TCN.9.conv1d,5,0.5828934139286926,0.4476180166432275,0.13527539728546517
hold5,0,84,TCN.TCN.9.conv1d,10,0.46717790697741957,0.26793442335090145,0.19924348362651811
hold5,0,26,TCN.TCN.23.conv1d,5,0.19252993106830515,0.6694029040112082,-0.476872972942903
hold5,0,26,TCN.TCN.23.conv1d,10,0.28357300743897973,0.605500651802632,-0.3219276443636523
hold5,0,76,TCN.TCN.23.conv1d,5,0.013424292439884876,0.009281966753225412,0.004142325686659464
hold5,0,76,TCN.TCN.23.conv1d,10,0.027541719825005185,0.22067693151858253,-0.19313521169357734
hold5,0,84,TCN.TCN.23.conv1d,5,0.33754217728520125,0.22996355633562385,0.1075786209495774
hold5,0,84,TCN.TCN.23.conv1d,10,0.2350027061101975,0.25018270784411284,-0.015180001733915344
hold5,1,18,TCN.TCN.9.conv1d,5,0.08220865953123385,0.09792789883792703,-0.01571923930669318
hold5,1,18,TCN.TCN.9.conv1d,10,0.20797540635388606,0.06589653411721352,0.14207887223667254
hold5,1,18,TCN.TCN.23.conv1d,5,0.0,0.03393319917961217,-0.03393319917961217
hold5,1,18,TCN.TCN.23.conv1d,10,0.02702898103066182,0.16174004558283353,-0.13471106455217172
hold6,0,24,TCN.TCN.9.conv1d,5,0.2057366217832304,0.17487709761234074,0.030859524170889663
hold6,0,24,TCN.TCN.9.conv1d,10,0.10830735411291267,0.003673662195238588,0.10463369191767409
hold6,0,24,TCN.TCN.23.conv1d,5,0.3053672666873788,0.4581115497174936,-0.15274428303011484
hold6,0,24,TCN.TCN.23.conv1d,10,0.22344727353037389,0.2273142631498068,-0.003866989619432909
hold6,1,26,TCN.TCN.9.conv1d,5,0.15173790282151534,0.20390829912647,-0.05217039630495465
hold6,1,26,TCN.TCN.9.conv1d,10,0.15347402592790585,0.3202419305880899,-0.16676790466018407
hold6,1,156,TCN.TCN.9.conv1d,5,0.2285643040255527,0.12759354176487409,0.10097076226067861
hold6,1,156,TCN.TCN.9.conv1d,10,0.23441771039760465,0.11472683080502949,0.11969087959257516
hold6,1,26,TCN.TCN.23.conv1d,5,0.43564894394156667,0.05512524981516844,0.38052369412639825
hold6,1,26,TCN.TCN.23.conv1d,10,0.29949363427211173,0.04147953047637644,0.2580141037957353
hold6,1,156,TCN.TCN.23.conv1d,5,0.119411667040393,0.004334514441928001,0.11507715259846499
hold6,1,156,TCN.TCN.23.conv1d,10,0.0853111645149465,0.08986584997252202,-0.004554685457575522
hold7,0,30,TCN.TCN.9.conv1d,5,0.11154005620401568,0.1865057929809676,-0.07496573677695191
hold7,0,30,TCN.TCN.9.conv1d,10,0.05842574372591297,0.03627424646460877,0.0221514972613042
hold7,0,30,TCN.TCN.23.conv1d,5,0.5442148125343267,0.43843310685816467,0.10578170567616202
hold7,0,30,TCN.TCN.23.conv1d,10,0.5179906429428623,0.541364904518087,-0.02337426157522471
hold7,1,18,TCN.TCN.9.conv1d,5,0.0,0.023434921220250614,-0.023434921220250614
hold7,1,18,TCN.TCN.9.conv1d,10,0.0,0.015095082947543012,-0.015095082947543012
hold7,1,18,TCN.TCN.23.conv1d,5,0.09298079027487528,0.0,0.09298079027487528
hold7,1,18,TCN.TCN.23.conv1d,10,0.06815991070014893,0.00237136573233776,0.06578854496781117
hold8,0,14,TCN.TCN.9.conv1d,5,0.0,0.0,0.0
hold8,0,14,TCN.TCN.9.conv1d,10,0.0,0.009881001160424665,-0.009881001160424665
hold8,0,172,TCN.TCN.9.conv1d,5,0.18893490040063438,0.33850506249309,-0.1495701620924556
hold8,0,172,TCN.TCN.9.conv1d,10,0.0989659002098561,0.005472290317156524,0.09349360989269957
hold8,0,14,TCN.TCN.23.conv1d,5,0.0,0.08666336449932378,-0.08666336449932378
hold8,0,14,TCN.TCN.23.conv1d,10,0.0006949466560545382,0.4417323105980383,-0.4410373639419838
hold8,0,172,TCN.TCN.23.conv1d,5,0.03257204167298848,0.0416926600167685,-0.009120618343780022
hold8,0,172,TCN.TCN.23.conv1d,10,0.07212945382048838,0.28760554025402,-0.21547608643353164
hold8,1,34,TCN.TCN.9.conv1d,5,0.5235655848048253,0.061504434237821363,0.4620611505670039
hold8,1,34,TCN.TCN.9.conv1d,10,0.3244020118335985,0.056675409213409696,0.2677266026201888
hold8,1,34,TCN.TCN.23.conv1d,5,0.35326408857943886,0.01803185250512893,0.3352322360743099
hold8,1,34,TCN.TCN.23.conv1d,10,0.3008799689053821,0.6192112531911973,-0.3183312842858152
hold9,0,32,TCN.TCN.9.conv1d,5,0.0718359796542894,0.25024347510114064,-0.17840749544685125
hold9,0,32,TCN.TCN.9.conv1d,10,0.0780845024609629,0.28906109451024403,-0.21097659204928113
hold9,0,32,TCN.TCN.23.conv1d,5,0.22236014585670064,0.0,0.22236014585670064
hold9,0,32,TCN.TCN.23.conv1d,10,0.21730487860806288,0.0,0.21730487860806288
hold9,1,28,TCN.TCN.9.conv1d,5,0.0,0.0,0.0
hold9,1,28,TCN.TCN.9.conv1d,10,0.06798045113111237,0.14882388905065488,-0.08084343791954252
hold9,1,28,TCN.TCN.23.conv1d,5,0.27968589090209994,0.0606566018626474,0.21902928903945254
hold9,1,28,TCN.TCN.23.conv1d,10,0.22137220912830588,0.5641710158127358,-0.34279880668442986
hold10,0,26,TCN.TCN.9.conv1d,5,0.6360131600161316,0.45607198556637685,0.17994117444975477
hold10,0,26,TCN.TCN.9.conv1d,10,0.7135026754535955,0.17269030580238867,0.5408123696512068
hold10,0,122,TCN.TCN.9.conv1d,5,0.02257203212625256,0.21964230199670667,-0.19707026987045412
hold10,0,122,TCN.TCN.9.conv1d,10,0.05314126246270016,0.08962767311825422,-0.03648641065555406
hold10,0,138,TCN.TCN.9.conv1d,5,0.10703290593658882,0.4502169196991355,-0.3431840137625467
hold10,0,138,TCN.TCN.9.conv1d,10,0.2048551134501643,0.3521042980678706,-0.14724918461770628
hold10,0,26,TCN.TCN.23.conv1d,5,0.5720251278709833,0.2808607866850485,0.29116434118593476
hold10,0,26,TCN.TCN.23.conv1d,10,0.49846927216545095,0.50975132264816,-0.011282050482709083
hold10,0,122,TCN.TCN.23.conv1d,5,0.10977418201540408,0.5561034020008683,-0.4463292199854642
hold10,0,122,TCN.TCN.23.conv1d,10,0.13399398389755576,0.758662805021993,-0.6246688211244372
hold10,0,138,TCN.TCN.23.conv1d,5,0.18107729195675895,0.2970928387604242,-0.11601554680366524
hold10,0,138,TCN.TCN.23.conv1d,10,0.24567708033062347,0.42462802559729684,-0.17895094526667338
hold10,1,36,TCN.TCN.9.conv1d,5,0.3123804414472579,0.1323953687615417,0.1799850726857162
hold10,1,36,TCN.TCN.9.conv1d,10,0.2113722863987379,0.06934995506556947,0.14202233133316844
hold10,1,36,TCN.TCN.23.conv1d,5,0.3499488876487382,0.45865748861581196,-0.10870860096707374
hold10,1,36,TCN.TCN.23.conv1d,10,0.39335488588104495,0.5297969449025749,-0.13644205902152995
hold11,0,22,TCN.TCN.9.conv1d,5,0.0,0.04128373692340608,-0.04128373692340608
hold11,0,22,TCN.TCN.9.conv1d,10,0.0,0.051413091894569565,-0.051413091894569565
hold11,0,22,TCN.TCN.23.conv1d,5,0.5008531826513978,0.09939213419245566,0.40146104845894215
hold11,0,22,TCN.TCN.23.conv1d,10,0.41813015668631226,0.46542564772924533,-0.04729549104293307
hold11,1,16,TCN.TCN.9.conv1d,5,0.07146923208949069,0.04142347966485738,0.03004575242463331
hold11,1,16,TCN.TCN.9.conv1d,10,0.13650051059047172,0.02854035719669748,0.10796015339377424
hold11,1,66,TCN.TCN.9.conv1d,5,0.2112669541945418,0.39098741310993596,-0.17972045891539415
hold11,1,66,TCN.TCN.9.conv1d,10,0.35080405904265605,0.3366389631029793,0.014165095939676742
hold11,1,106,TCN.TCN.9.conv1d,5,0.05216972488740263,0.06937527296681813,-0.017205548079415496
hold11,1,106,TCN.TCN.9.conv1d,10,0.15458962588881586,0.032849977137691964,0.12173964875112389
hold11,1,168,TCN.TCN.9.conv1d,5,0.10460945385671815,0.08582725143373332,0.018782202422984826
hold11,1,168,TCN.TCN.9.conv1d,10,0.09543680498322252,0.2613985694340754,-0.1659617644508529
hold11,1,16,TCN.TCN.23.conv1d,5,0.6081476684234741,0.07412281883549622,0.5340248495879779
hold11,1,16,TCN.TCN.23.conv1d,10,0.4040035430601332,0.028047192418577442,0.37595635064155575
hold11,1,66,TCN.TCN.23.conv1d,5,0.041192820262690714,0.35314092092071453,-0.3119481006580238
hold11,1,66,TCN.TCN.23.conv1d,10,0.03955430064275313,0.5562499642256418,-0.5166956635828887
hold11,1,106,TCN.TCN.23.conv1d,5,0.24632795064941748,0.3567914320622243,-0.11046348141280682
hold11,1,106,TCN.TCN.23.conv1d,10,0.27349340088401497,0.44618627522727733,-0.17269287434326236
hold11,1,168,TCN.TCN.23.conv1d,5,0.024667538632822374,0.40125944390976204,-0.37659190527693964
hold11,1,168,TCN.TCN.23.conv1d,10,0.06004169870925852,0.6030592787371487,-0.5430175800278902
hold12,0,18,TCN.TCN.9.conv1d,5,0.2809282960742744,0.3499846368187009,-0.06905634074442651
hold12,0,18,TCN.TCN.9.conv1d,10,0.3189342315124265,0.188803683727143,0.1301305477852835
hold12,0,18,TCN.TCN.23.conv1d,5,0.0,0.3379705291493781,-0.3379705291493781
hold12,0,18,TCN.TCN.23.conv1d,10,0.0619768976975213,0.5071928683901243,-0.44521597069260305
hold12,1,34,TCN.TCN.9.conv1d,5,0.05612019670137971,0.26742827965991406,-0.21130808295853434
hold12,1,34,TCN.TCN.9.conv1d,10,0.27198610908573234,0.2238224881264586,0.048163620959273734
hold12,1,34,TCN.TCN.23.conv1d,5,0.34757849148980363,0.3444905593047473,0.003087932185056319
hold12,1,34,TCN.TCN.23.conv1d,10,0.1998007003744726,0.13326377846692766,0.06653692190754493
hold13,0,26,TCN.TCN.9.conv1d,5,0.24321445279569998,0.3293117671517749,-0.08609731435607493
hold13,0,26,TCN.TCN.9.conv1d,10,0.2612957817906126,0.229783877206521,0.03151190458409159
hold13,0,26,TCN.TCN.23.conv1d,5,0.3525126071834674,0.041693258149658914,0.3108193490338085
hold13,0,26,TCN.TCN.23.conv1d,10,0.2653495729645056,0.37227078093371063,-0.10692120796920501
hold13,1,34,TCN.TCN.9.conv1d,5,0.32828870307359037,0.14294816471785224,0.18534053835573813
hold13,1,34,TCN.TCN.9.conv1d,10,0.2810649342916426,0.5683474936746724,-0.2872825593830298
hold13,1,160,TCN.TCN.9.conv1d,5,0.0,0.1599236386909004,-0.1599236386909004
hold13,1,160,TCN.TCN.9.conv1d,10,0.0,0.23768266433518764,-0.23768266433518764
hold13,1,34,TCN.TCN.23.conv1d,5,0.2543522768203153,0.00030950537109728816,0.254042771449218
hold13,1,34,TCN.TCN.23.conv1d,10,0.21506165017139978,0.23803171259918726,-0.022970062427787485
hold13,1,160,TCN.TCN.23.conv1d,5,0.0,0.0,0.0
hold13,1,160,TCN.TCN.23.conv1d,10,0.012611511887842174,0.6615022404463582,-0.648890728558516
hold14,0,20,TCN.TCN.9.conv1d,5,0.0,0.23874402249517154,-0.23874402249517154
hold14,0,20,TCN.TCN.9.conv1d,10,0.0,0.009489153303663268,-0.009489153303663268
hold14,0,180,TCN.TCN.9.conv1d,5,0.05279000642227542,0.012998697867588343,0.03979130855468708
hold14,0,180,TCN.TCN.9.conv1d,10,0.03832413956053807,0.013317998729834262,0.025006140830703807
hold14,0,20,TCN.TCN.23.conv1d,5,0.00452247034778824,0.5234975783392847,-0.5189751079914965
hold14,0,20,TCN.TCN.23.conv1d,10,0.008707950817400237,0.558023841968996,-0.5493158911515957
hold14,0,180,TCN.TCN.23.conv1d,5,0.09016225341645613,0.12557562024090319,-0.035413366824447054
hold14,0,180,TCN.TCN.23.conv1d,10,0.08128266104966791,0.25810451532405565,-0.17682185427438774
hold14,1,32,TCN.TCN.9.conv1d,5,0.6419931198401234,0.2941020709817231,0.34789104885840033
hold14,1,32,TCN.TCN.9.conv1d,10,0.5640194992497034,0.2889746825432343,0.27504481670646913
hold14,1,32,TCN.TCN.23.conv1d,5,0.4343432624846936,0.2963116690475172,0.13803159343717641
hold14,1,32,TCN.TCN.23.conv1d,10,0.34448370316369187,0.031452783100820725,0.31303092006287114
hold15,0,34,TCN.TCN.9.conv1d,5,0.5548137035372368,0.052953320949944295,0.5018603825872925
hold15,0,34,TCN.TCN.9.conv1d,10,0.4808825132337031,0.28508133947247133,0.1958011737612318
hold15,0,176,TCN.TCN.9.conv1d,5,0.13384311086557624,0.03337031748088176,0.10047279338469448
hold15,0,176,TCN.TCN.9.conv1d,10,0.2163869748847065,0.14222144502920436,0.07416552985550215
hold15,0,34,TCN.TCN.23.conv1d,5,0.300705695173753,0.6268837747650339,-0.32617807959128087
hold15,0,34,TCN.TCN.23.conv1d,10,0.3700442684743447,0.6076139512352183,-0.23756968276087365
hold15,0,176,TCN.TCN.23.conv1d,5,0.032044506516132686,0.2248275420271679,-0.1927830355110352
hold15,0,176,TCN.TCN.23.conv1d,10,0.04561636770826346,0.4056143041958602,-0.35999793648759676
hold15,1,20,TCN.TCN.9.conv1d,5,0.4095465179092526,0.056816164054064845,0.35273035385518775
hold15,1,20,TCN.TCN.9.conv1d,10,0.4748915894104876,0.43762817992887915,0.037263409481608445
hold15,1,20,TCN.TCN.23.conv1d,5,0.14668862076864453,0.0005638062889431278,0.1461248144797014
hold15,1,20,TCN.TCN.23.conv1d,10,0.1335368420887352,0.27948305776413174,-0.14594621567539653
