pair,speaker,layer,target_freq,target_time,assignment,ibm_active_rate,ceiling_accuracy,ceiling_f1,ceiling_precision,ceiling_recall,cam_accuracy,cam_f1,cam_precision,cam_recall,chance_accuracy,chance_f1,chance_precision,chance_recall
sel1,0,TCN.TCN.9.conv1d,14,48,swapped,0.39556254656842454,0.689833595496316,0.5714367421642645,0.6301084762865792,0.5227605692758477,0.5889146452520904,0.038346083083180015,0.25680933852140075,0.020719966513185435,0.5213604189088501,0.39539691394569665,0.39512904562411977,0.39567025952281293
sel1,0,TCN.TCN.23.conv1d,14,48,swapped,0.39556254656842454,0.689833595496316,0.5714367421642645,0.6301084762865792,0.5227605692758477,0.5782349532246047,0.15973940293584032,0.37684824902723735,0.10134993721222268,0.5213604189088501,0.39539691394569665,0.39512904562411977,0.39567025952281293
sel1,1,TCN.TCN.9.conv1d,14,48,swapped,0.6044374534315755,0.6055550956204984,0.5991839825018929,0.7765481901439163,0.4877756471716203,0.4558117393823992,0.3022953429746583,0.6716189128640491,0.19504177509930146,0.5221303501945525,0.6048265052886549,0.6046330428559983,0.6050232844815778
sel1,1,TCN.TCN.23.conv1d,14,48,swapped,0.6044374534315755,0.6055550956204984,0.5991839825018929,0.7765481901439163,0.4877756471716203,0.4088293732924911,0.07870206109086217,0.6781545302946081,0.04177509930146555,0.5221303501945525,0.6048265052886549,0.6046330428559983,0.6050232844815778
sel2,0,TCN.TCN.9.conv1d,26,65,swapped,0.8135400281480255,0.6771669840218562,0.764778622270479,0.9389742640251805,0.6451013814333325,0.25811325440847754,0.17443976139478107,0.9209630350194552,0.0963441626173455,0.6966760493418329,0.813596874532951,0.8135117479508462,0.813683313404737
sel2,0,TCN.TCN.23.conv1d,26,65,swapped,0.8135400281480255,0.6771669840218562,0.764778622270479,0.9389742640251805,0.6451013814333325,0.2598518089245799,0.16650740006992196,0.9927737632017788,0.09087439896201695,0.6966760493418329,0.813596874532951,0.8135117479508462,0.813683313404737
sel2,1,TCN.TCN.9.conv1d,26,65,swapped,0.1864599718519745,0.9119339349283881,0.7576189119908858,0.7781418207348467,0.7381507381507382,0.763473797499793,0.3268143261074458,0.34818626835697253,0.3079143079143079,0.696391464525209,0.1866769504771974,0.18649344596597534,0.18686868686868688
sel2,1,TCN.TCN.23.conv1d,26,65,swapped,0.1864599718519745,0.9119339349283881,0.7576189119908858,0.7781418207348467,0.7381507381507382,0.8443372795761238,0.4684429995052654,0.6447470817120623,0.36785436785436787,0.696391464525209,0.1866769504771974,0.18649344596597534,0.18686868686868688
sel3,0,TCN.TCN.9.conv1d,16,41,straight,0.4356320887490686,0.6802508485801805,0.6606778097476333,0.6143539888076468,0.7145572025845686,0.5424083119463532,0.19524624176464164,0.417431906614786,0.1274230330672748,0.5078110770759168,0.43529551900087415,0.4351314994359178,0.4354641771189661
sel3,0,TCN.TCN.23.conv1d,16,41,straight,0.4356320887490686,0.6802508485801805,0.6606778097476333,0.6143539888076468,0.7145572025845686,0.5622154151833761,0.12348748549643628,0.48313878080415046,0.07079057392626378,0.5078110770759168,0.43529551900087415,0.4351314994359178,0.4354641771189661
sel3,1,TCN.TCN.9.conv1d,16,41,straight,0.5643679112509313,0.5812774236277838,0.47891822279459106,0.804447520982954,0.3409490978436262,0.4280569583574799,0.08954928835002636,0.4406614785992218,0.04983863869737421,0.5088448961006706,0.5649978638583522,0.5648204289612719,0.5651789643538214
sel3,1,TCN.TCN.23.conv1d,16,41,straight,0.5643679112509313,0.5812774236277838,0.47891822279459106,0.804447520982954,0.3409490978436262,0.42021276595744683,0.06918092706429639,0.3682348779625044,0.03817661728032859,0.5088448961006706,0.5649978638583522,0.5648204289612719,0.5651789643538214
sel4,0,TCN.TCN.9.conv1d,37,41,straight,0.6053895189999172,0.6304329828628198,0.643891348570061,0.7726881102814475,0.5518974358974359,0.4125548472555675,0.12911539995704335,0.6297515713858126,0.07193162393162393,0.5225049672986175,0.6057743428390696,0.6055503178373229,0.6060017094017095
sel4,0,TCN.TCN.23.conv1d,37,41,straight,0.6053895189999172,0.6304329828628198,0.643891348570061,0.7726881102814475,0.5518974358974359,0.456060104313271,0.26332165381920114,0.7310505836575876,0.16058119658119657,0.5225049672986175,0.6057743428390696,0.6055503178373229,0.6060017094017095
sel4,1,TCN.TCN.9.conv1d,37,41,straight,0.3946104810000828,0.6997681927311864,0.5337790062351353,0.6892430278884463,0.435539704185461,0.48948588459309544,0.27393147297774634,0.3121561787199785,0.24404699465016258,0.5213552446394569,0.39387716614627777,0.3936500730883342,0.39410993391377314
sel4,1,TCN.TCN.23.conv1d,37,41,straight,0.3946104810000828,0.6997681927311864,0.5337790062351353,0.6892430278884463,0.435539704185461,0.6131509230896598,0.4370350290653896,0.51326494517156,0.3805202979125144,0.5213552446394569,0.39387716614627777,0.3936500730883342,0.39410993391377314
sel5,0,TCN.TCN.9.conv1d,0,50,straight,0.5656304329828629,0.7195545988906367,0.7358056465450007,0.7875537376351267,0.6904387280910388,0.45179650633330576,0.06594491659907607,0.9095330739299611,0.034212741044311906,0.5078183210530673,0.565026875223524,0.5648957907784974,0.5651615500018295
sel5,0,TCN.TCN.23.conv1d,0,50,straight,0.5656304329828629,0.7195545988906367,0.7358056465450007,0.7875537376351267,0.6904387280910388,0.47553605430913154,0.42453558613798426,0.5595330739299611,0.3420176369424421,0.5078183210530673,0.565026875223524,0.5648957907784974,0.5651615500018295
sel5,1,TCN.TCN.9.conv1d,0,50,straight,0.4343695670171372,0.7258258133951486,0.6110801209594552,0.7960073428178064,0.495878400914852,0.526305985594834,0.18791470035127555,0.367982212340189,0.1261733454042979,0.509032204652703,0.43509434863817686,0.43490482270536956,0.43528851193596035
sel5,1,TCN.TCN.23.conv1d,0,50,straight,0.4343695670171372,0.7258258133951486,0.6110801209594552,0.7960073428178064,0.495878400914852,0.5479137345806772,0.39144122809461457,0.47128673017576816,0.3347310239672178,0.509032204652703,0.43509434863817686,0.43490482270536956,0.43528851193596035
sel6,0,TCN.TCN.9.conv1d,23,53,swapped,0.12892209620001654,0.886166073350443,0.35003545261167573,0.6632333184057322,0.23775886980253652,0.8339473466346552,0.08819183998181612,0.1509727626459144,0.062289292021191205,0.7746543588045368,0.12879181713353144,0.12838579743916356,0.1292101460908653
sel6,0,TCN.TCN.23.conv1d,23,53,swapped,0.12892209620001654,0.886166073350443,0.35003545261167573,0.6632333184057322,0.23775886980253652,0.8278624058282971,0.054778952153653825,0.09377431906614786,0.03868999839460588,0.7746543588045368,0.12879181713353144,0.12838579743916356,0.1292101460908653
sel6,1,TCN.TCN.9.conv1d,23,53,swapped,0.8710779037999834,0.6324819935425118,0.7581613891726251,0.8881868657859467,0.6613443581153325,0.15419322791621823,0.0795945945945946,0.7639429312581063,0.04198446075985459,0.7753332229489195,0.8710511408695572,0.870978467185143,0.8711252880937105
sel6,1,TCN.TCN.23.conv1d,23,53,swapped,0.8710779037999834,0.6324819935425118,0.7581613891726251,0.8881868657859467,0.6613443581153325,0.1460799735077407,0.1404225176049002,0.5701234985620031,0.08007223133033954,0.7753332229489195,0.8710511408695572,0.870978467185143,0.8711252880937105
sel7,0,TCN.TCN.9.conv1d,15,126,swapped,0.46017882275022765,0.7181471976156967,0.63390504865853,0.7878909382518043,0.5302689574525501,0.5425531914893617,0.10893404289630704,0.5256809338521401,0.06076279571826932,0.5031045616358971,0.46039293779359747,0.4601488727031559,0.46064136007915807
sel7,0,TCN.TCN.23.conv1d,15,126,swapped,0.46017882275022765,0.7181471976156967,0.63390504865853,0.7878909382518043,0.5302689574525501,0.5316458316085769,0.058419672949694176,0.39021678710394664,0.03157326616893047,0.5031045616358971,0.46039293779359747,0.4601488727031559,0.46064136007915807
sel7,1,TCN.TCN.9.conv1d,15,126,swapped,0.5398211772497723,0.7666818445235533,0.7623484768630758,0.8467662623518943,0.6932367149758454,0.4351767530424704,0.31706706706706705,0.456477878656867,0.24288781535158346,0.5034812484477191,0.5402474298119602,0.5400864297756749,0.5404129284564068
sel7,1,TCN.TCN.23.conv1d,15,126,swapped,0.5398211772497723,0.7666818445235533,0.7623484768630758,0.8467662623518943,0.6932367149758454,0.474045864723901,0.3640640640640641,0.524138924917135,0.2788896557012499,0.5034812484477191,0.5402474298119602,0.5400864297756749,0.5404129284564068
sel8,0,TCN.TCN.9.conv1d,12,41,swapped,0.6177249772332146,0.5777382233628612,0.5519195291223755,0.8010327680734413,0.4209944381156604,0.397176918619091,0.05661721837144523,0.8501945525291829,0.02928365610132011,0.5281345723983774,0.6181246442982572,0.6180259999723734,0.6182268980767942
sel8,0,TCN.TCN.23.conv1d,12,41,swapped,0.6177249772332146,0.5777382233628612,0.5519195291223755,0.8010327680734413,0.4209944381156604,0.4611308883185694,0.3974542929877343,0.642547141574379,0.2877102459291027,0.5281345723983774,0.6181246442982572,0.6180259999723734,0.6182268980767942
sel8,1,TCN.TCN.9.conv1d,12,41,swapped,0.3822750227667853,0.654793443165825,0.5457664969089572,0.5490711819825744,0.5425013535462913,0.62058117393824,0.4049211192624813,0.5055933852140078,0.3376827287493232,0.5272922013411707,0.38203438947584234,0.3818400246887223,0.3822333513806172
sel8,1,TCN.TCN.23.conv1d,12,41,swapped,0.3822750227667853,0.654793443165825,0.5457664969089572,0.5490711819825744,0.5425013535462913,0.6139167149598477,0.04328649092214586,0.41050583657587547,0.02284786139685977,0.5272922013411707,0.38203438947584234,0.3818400246887223,0.3822333513806172
sel9,0,TCN.TCN.9.conv1d,20,43,straight,0.44312443083036673,0.6808924579849325,0.5898158986910715,0.6851897638768698,0.5177487155534797,0.5300521566354831,0.11033618055011363,0.3424124513618677,0.06576366184026156,0.5062236112260948,0.44305756333690915,0.4428944106538422,0.44322512844465206
sel9,0,TCN.TCN.23.conv1d,20,43,straight,0.44312443083036673,0.6808924579849325,0.5898158986910715,0.6851897638768698,0.5177487155534797,0.556834175014488,0.23779011818311263,0.49985034420832086,0.15600186828584772,0.5062236112260948,0.44305756333690915,0.4428944106538422,0.44322512844465206
sel9,1,TCN.TCN.9.conv1d,20,43,straight,0.5568755691696332,0.6804371222783343,0.685757316725689,0.7579179413352528,0.6261428677618375,0.4295885420978558,0.16671705871681686,0.4469844357976654,0.10246785103694343,0.5069097193476281,0.5574027800514788,0.5572329416612859,0.5575763770162789
sel9,1,TCN.TCN.23.conv1d,20,43,straight,0.5568755691696332,0.6804371222783343,0.685757316725689,0.7579179413352528,0.6261428677618375,0.4644838148853382,0.16583919014765622,0.6254863813229572,0.09559206125027875,0.5069097193476281,0.5574027800514788,0.5572329416612859,0.5575763770162789
sel10,0,TCN.TCN.9.conv1d,14,171,swapped,0.6435549300438778,0.6418784667604934,0.6472878488289133,0.883872404386795,0.5106129799961407,0.48271794022683995,0.40697591647882314,0.7760383675685458,0.2758088377178877,0.5427756850732678,0.6448676071730847,0.6446841760296121,0.6450553161381617
sel10,0,TCN.TCN.23.conv1d,14,171,swapped,0.6435549300438778,0.6418784667604934,0.6472878488289133,0.883872404386795,0.5106129799961407,0.547748157960096,0.6026729702700245,0.6933601104556295,0.5329645590789219,0.5427756850732678,0.6448676071730847,0.6446841760296121,0.6450553161381617
sel10,1,TCN.TCN.9.conv1d,14,171,swapped,0.3564450699561222,0.7873582250186274,0.6764502109970398,0.7390586292320397,0.6236209499477413,0.6389808759003228,0.030567442894458955,0.35667963683527887,0.015967947973522238,0.5405673068962663,0.3556541015072713,0.35558508304828823,0.35572813842759266
sel10,1,TCN.TCN.23.conv1d,14,171,swapped,0.3564450699561222,0.7873582250186274,0.6764502109970398,0.7390586292320397,0.6236209499477413,0.670668101664045,0.19603880355699274,0.754863813229572,0.11264661479502962,0.5405673068962663,0.3556541015072713,0.35558508304828823,0.35572813842759266
sel11,0,TCN.TCN.9.conv1d,14,88,swapped,0.44763639374120373,0.6265419322791622,0.46124447629284604,0.6510451786918409,0.3571296467542075,0.5113419985098104,0.1007084634722328,0.2857760484219628,0.06112446828185685,0.5053419157215002,0.4477474833130518,0.447531543972102,0.4479679119659701
sel11,0,TCN.TCN.23.conv1d,14,88,swapped,0.44763639374120373,0.6265419322791622,0.46124447629284604,0.6510451786918409,0.3571296467542075,0.5249606755526119,0.14255827854154215,0.37120622568093387,0.08821897540225633,0.5053419157215002,0.4477474833130518,0.447531543972102,0.4479679119659701
sel11,1,TCN.TCN.9.conv1d,14,88,swapped,0.5523636062587962,0.6857355741369319,0.6881751345134924,0.7613832591111515,0.6278102517985612,0.39525209040483483,0.14416683752672738,0.3302026029786663,0.09221372901678657,0.505317079228413,0.5523654201457344,0.5521756712999488,0.5525592026378896
sel11,1,TCN.TCN.23.conv1d,14,88,swapped,0.5523636062587962,0.6857355741369319,0.6881751345134924,0.7613832591111515,0.6278102517985612,0.48909264011921516,0.21811155807544894,0.7050993241859512,0.12900929256594723,0.505317079228413,0.5523654201457344,0.5521756712999488,0.5525592026378896
sel12,0,TCN.TCN.9.conv1d,19,30,swapped,0.5775312525871347,0.7240251676463283,0.7800758700313376,0.7226058791175213,0.8474770642201835,0.4236484808345062,0.13714250302110123,0.5065232318608377,0.07930762614678899,0.5126624720589452,0.5782184385584077,0.57803778502415,0.5784027379587158
sel12,0,TCN.TCN.23.conv1d,19,30,swapped,0.5775312525871347,0.7240251676463283,0.7800758700313376,0.7226058791175213,0.8474770642201835,0.4140450368407981,0.2919240677287847,0.48315257885586554,0.20914564220183487,0.5126624720589452,0.5782184385584077,0.57803778502415,0.5784027379587158
sel12,1,TCN.TCN.9.conv1d,19,30,swapped,0.42246874741286533,0.7166984021856114,0.555843987280161,0.8230828368249087,0.4196061140505585,0.5754201506747247,0.10738839091462883,0.4801556420233463,0.060454634528708605,0.511041890885007,0.42157171912496605,0.42138297294113514,0.421766607877719
sel12,1,TCN.TCN.23.conv1d,19,30,swapped,0.42246874741286533,0.7166984021856114,0.555843987280161,0.8230828368249087,0.4196061140505585,0.5742197201755113,0.01691675427697601,0.3443579766536965,0.008671369782480894,0.511041890885007,0.42157171912496605,0.42138297294113514,0.421766607877719
sel13,0,TCN.TCN.9.conv1d,19,25,swapped,0.5153365344813312,0.7669509065319977,0.7447406601378309,0.8549419663769323,0.6597052090445399,0.557061842867787,0.4089264506863314,0.6546692607003891,0.2973211775573316,0.5000631260865965,0.5151406304844774,0.514930064265478,0.5153560383951163
sel13,0,TCN.TCN.23.conv1d,19,25,swapped,0.5153365344813312,0.7669509065319977,0.7447406601378309,0.8549419663769323,0.6597052090445399,0.42383475453266,0.12563603241409638,0.2882259691598213,0.08032451102453914,0.5000631260865965,0.5151406304844774,0.514930064265478,0.5153560383951163
sel13,1,TCN.TCN.9.conv1d,19,25,swapped,0.4846634655186688,0.8276554350525706,0.809559748427673,0.8715284616899744,0.7558184225135586,0.5171785743852968,0.03555482057218456,0.5577172503242542,0.018362727932698466,0.5009893203079725,0.4854595985181397,0.485212768563869,0.48571123542725364
sel13,1,TCN.TCN.23.conv1d,19,25,swapped,0.4846634655186688,0.8276554350525706,0.809559748427673,0.8715284616899744,0.7558184225135586,0.5013867041973673,0.30623470122390206,0.4701980898478953,0.22705726608873894,0.5009893203079725,0.4854595985181397,0.485212768563869,0.48571123542725364
sel14,0,TCN.TCN.9.conv1d,14,47,swapped,0.5673068962662472,0.47510141568010594,0.37674178565284705,0.577140275581658,0.2796424662531923,0.463676628860005,0.3077498463922207,0.5746782400478898,0.2101422838380153,0.5094026823412534,0.5677251822802047,0.5675699330535542,0.5678839839474645
sel14,0,TCN.TCN.23.conv1d,14,47,swapped,0.5673068962662472,0.47510141568010594,0.37674178565284705,0.577140275581658,0.2796424662531923,0.4454011093633579,0.23701594533029613,0.5398184176394293,0.15184239328712149,0.5094026823412534,0.5677251822802047,0.5675699330535542,0.5678839839474645
sel14,1,TCN.TCN.9.conv1d,14,47,straight,0.5673068962662472,0.4933976322543257,0.4888164901948499,0.5716309285400283,0.4269609631521343,0.48006871429754117,0.27943665203797724,0.6535623238964176,0.17770886537759942,0.5094026823412534,0.5677251822802047,0.5675699330535542,0.5678839839474645
sel14,1,TCN.TCN.23.conv1d,14,47,straight,0.5673068962662472,0.4933976322543257,0.4888164901948499,0.5716309285400283,0.4269609631521343,0.43877804454011093,0.09553035356904604,0.5571984435797666,0.052243706676395475,0.5094026823412534,0.5677251822802047,0.5675699330535542,0.5678839839474645
sel15,0,TCN.TCN.9.conv1d,15,27,swapped,0.47810249192813975,0.6343033363689047,0.6008899731201013,0.6282650795900052,0.5758008658008658,0.515936749730938,0.009570593715592443,0.2198443579766537,0.0048917748917748916,0.5007388856693435,0.4780992664219956,0.47789385535397744,0.4783095238095238
sel15,0,TCN.TCN.23.conv1d,15,27,swapped,0.47810249192813975,0.6343033363689047,0.6008899731201013,0.6282650795900052,0.5758008658008658,0.46313850484311614,0.05569915177108741,0.17509727626459143,0.033116883116883114,0.5007388856693435,0.4780992664219956,0.47789385535397744,0.4783095238095238
sel15,1,TCN.TCN.9.conv1d,15,27,swapped,0.5218975080718603,0.7003063167480752,0.6600779379313582,0.808825221493499,0.5575428299492385,0.5178822750227667,0.29253477494988767,0.6246433203631647,0.19098984771573604,0.5007720009934598,0.5219007493890817,0.5216993489194801,0.5221069955583756
sel15,1,TCN.TCN.23.conv1d,15,27,swapped,0.5218975080718603,0.7003063167480752,0.6600779379313582,0.808825221493499,0.5575428299492385,0.4311201258382316,0.10962099125364431,0.29925716307039263,0.0671002538071066,0.5007720009934598,0.5219007493890817,0.5216993489194801,0.5221069955583756
sel16,0,TCN.TCN.9.conv1d,21,40,swapped,0.6804992135110522,0.6807061842867788,0.755704761753947,0.7882722167162207,0.7257215852063628,0.5198278003145956,0.5321071313326879,0.7897036815324753,0.4012287478329633,0.5648667108204323,0.6803604720301993,0.6801971136472171,0.6805270841570606
sel16,0,TCN.TCN.23.conv1d,21,40,swapped,0.6804992135110522,0.6807061842867788,0.755704761753947,0.7882722167162207,0.7257215852063628,0.3533819024753705,0.14950726847062668,0.7123216601815824,0.08351835518111865,0.5648667108204323,0.6803604720301993,0.6801971136472171,0.6805270841570606
sel16,1,TCN.TCN.9.conv1d,21,40,swapped,0.31950078648894775,0.7261776637138836,0.37375745526838966,0.6939708208824047,0.2557491740623178,0.7062463780114248,0.16408504623358267,0.9033722438391699,0.09023774049361923,0.5653737892209619,0.31992808384237936,0.3198863680862269,0.31997473602383886
sel16,1,TCN.TCN.23.conv1d,21,40,swapped,0.31950078648894775,0.7261776637138836,0.37375745526838966,0.6939708208824047,0.2557491740623178,0.6854872092060601,0.5116024940541236,0.5076864195955859,0.5155794519660556,0.5653737892209619,0.31992808384237936,0.3198863680862269,0.31997473602383886
sel17,0,TCN.TCN.9.conv1d,13,17,swapped,0.5005174269393162,0.590984353009355,0.47843758247558726,0.6612679652732181,0.3748087499483108,0.5156676877224936,0.1081596097412249,0.6901750972762646,0.0586775834263739,0.49987581753456406,0.5006288876839998,0.5003925830095118,0.5008704461812016
sel17,0,TCN.TCN.23.conv1d,13,17,swapped,0.5005174269393162,0.590984353009355,0.47843758247558726,0.6612679652732181,0.3748087499483108,0.4981579600960344,0.18735127526225828,0.4943402900601344,0.1155770582640698,0.49987581753456406,0.5006288876839998,0.5003925830095118,0.5008704461812016
sel17,1,TCN.TCN.9.conv1d,13,17,swapped,0.49948257306068383,0.5531707922841295,0.5594171547519439,0.551150072382178,0.5679360212157627,0.5392830532328835,0.33832709113607995,0.5984856451782522,0.2358181742841752,0.5000952065568341,0.4998295910923719,0.4995775477433546,0.5000870177764887
sel17,1,TCN.TCN.23.conv1d,13,17,swapped,0.49948257306068383,0.5531707922841295,0.5594171547519439,0.551150072382178,0.5679360212157627,0.4913693186522063,0.0029212480220716522,0.07003891050583658,0.0014917333112335807,0.5000952065568341,0.4998295910923719,0.4995775477433546,0.5000870177764887
sel18,0,TCN.TCN.9.conv1d,11,99,straight,0.3880495074095538,0.7364434141899164,0.5792638604374545,0.7611357124251107,0.4675449357299056,0.5639953638546237,0.0680410546805875,0.19948119325551233,0.04101552082777748,0.5247236940144052,0.38798756395799316,0.38774591504124944,0.3882340391487546
sel18,0,TCN.TCN.23.conv1d,11,99,straight,0.3880495074095538,0.7364434141899164,0.5792638604374545,0.7611357124251107,0.4675449357299056,0.585251262521732,0.10328008233767395,0.32073374096720403,0.06154994933063097,0.5247236940144052,0.38798756395799316,0.38774591504124944,0.3882340391487546
sel18,1,TCN.TCN.9.conv1d,11,99,straight,0.6119504925904462,0.7120829538869111,0.7416569168198786,0.8224052718286655,0.6753475158115466,0.4205232221210365,0.2928012124273806,0.5782699790481892,0.19602935705347177,0.5254987995695007,0.6124094726271123,0.6122461128149881,0.6125765211215206
sel18,1,TCN.TCN.23.conv1d,11,99,straight,0.6119504925904462,0.7120829538869111,0.7416569168198786,0.8224052718286655,0.6753475158115466,0.4139208543753622,0.17184803907232474,0.6351059230436662,0.09936753813373017,0.5254987995695007,0.6124094726271123,0.6122461128149881,0.6125765211215206
sel19,0,TCN.TCN.9.conv1d,13,20,swapped,0.5841543174103817,0.7571818859177084,0.7963477294820164,0.7806289136945276,0.8127125850340136,0.406200844440765,0.052509907529722594,0.3866731517509728,0.02816751700680272,0.5135534812484478,0.583760491910882,0.5835814228689975,0.5839427437641724
sel19,0,TCN.TCN.23.conv1d,13,20,swapped,0.5841543174103817,0.7571818859177084,0.7963477294820164,0.7806289136945276,0.8127125850340136,0.42048182796589123,0.05932943626956931,0.5726329442282749,0.031285430839002266,0.5135534812484478,0.583760491910882,0.5835814228689975,0.5839427437641724
sel19,1,TCN.TCN.9.conv1d,13,20,swapped,0.41584568258961835,0.7432113585561718,0.5925585366654625,0.8709334877883965,0.4490344415687836,0.590694593923338,0.1999352698438385,0.5341547773454388,0.12298427234720287,0.5146587051908271,0.41667055516406704,0.416504468595113,0.41684252438781605
sel19,1,TCN.TCN.23.conv1d,13,20,swapped,0.41584568258961835,0.7432113585561718,0.5925585366654625,0.8709334877883965,0.4490344415687836,0.5552818941965394,0.2612851101866813,0.4224569205113952,0.18913000199084212,0.5146587051908271,0.41667055516406704,0.416504468595113,0.41684252438781605
sel20,0,TCN.TCN.9.conv1d,13,57,straight,0.37294064078152167,0.7123727129729283,0.5983874230558044,0.6242764109985528,0.5745601864698374,0.6201258382316417,0.049212598425196846,0.36964980544747084,0.026361063322048947,0.5320359715208213,0.3728579372232174,0.3727108286350295,0.37300904600699264
sel20,0,TCN.TCN.23.conv1d,13,57,straight,0.37294064078152167,0.7123727129729283,0.5983874230558044,0.6242764109985528,0.5745601864698374,0.6265419322791622,0.4803594055984334,0.4992517210416043,0.46284477495976467,0.5320359715208213,0.3728579372232174,0.3727108286350295,0.37300904600699264
sel20,1,TCN.TCN.9.conv1d,13,57,straight,0.6270593592184783,0.6198360791456247,0.6230813428547975,0.823542175210198,0.5011057200382876,0.39088500703700635,0.09751609935602575,0.6874189364461738,0.05248044360827805,0.5324737147114827,0.6273000529798316,0.6271407315751402,0.6274631151599168
sel20,1,TCN.TCN.23.conv1d,13,57,straight,0.6270593592184783,0.6198360791456247,0.6230813428547975,0.823542175210198,0.5011057200382876,0.39458978392251015,0.14990264175070475,0.6271887159533074,0.08512393966399313,0.5324737147114827,0.6273000529798316,0.6271407315751402,0.6274631151599168
hold1,0,TCN.TCN.9.conv1d,9,22,swapped,0.35683831443000247,0.7680271545657753,0.6011387900355871,0.7777880099456672,0.4898787773331013,0.6158208460965312,0.1201175578308684,0.3286640726329442,0.07348761672756801,0.5417563540028149,0.35800502021024916,0.35795289828425064,0.35806217736790213
hold1,0,TCN.TCN.23.conv1d,9,22,swapped,0.35683831443000247,0.7680271545657753,0.6011387900355871,0.7777880099456672,0.4898787773331013,0.5735988078483318,0.18271977150111077,0.2890674030375298,0.13357693869265125,0.5417563540028149,0.35800502021024916,0.35795289828425064,0.35806217736790213
hold1,1,TCN.TCN.9.conv1d,9,22,swapped,0.6431616855699975,0.7630391588707675,0.8045211630726152,0.8569142358332728,0.7581657280772325,0.331732759334382,0.26920465347879224,0.4537270160982681,0.19137570394207562,0.5399412202996937,0.6424475206815023,0.6422620792821279,0.6426371681415929
hold1,1,TCN.TCN.23.conv1d,9,22,swapped,0.6431616855699975,0.7630391588707675,0.8045211630726152,0.8569142358332728,0.7581657280772325,0.38024670916466596,0.11674827443808626,0.7000353731871242,0.06368463395012068,0.5399412202996937,0.6424475206815023,0.6422620792821279,0.6426371681415929
hold2,0,TCN.TCN.9.conv1d,16,28,swapped,0.2863026740624224,0.74859259872506,0.3449986519277433,0.6789049235993209,0.2312585845442059,0.6676049341832934,0.03601440576230492,0.10611956137247966,0.02168726957276079,0.5913444821591192,0.2866812273692715,0.2865401946369016,0.2868285982794766
hold2,0,TCN.TCN.23.conv1d,16,28,swapped,0.2863026740624224,0.74859259872506,0.3449986519277433,0.6789049235993209,0.2312585845442059,0.6479634075668516,0.07855246763096592,0.15672287073065283,0.05241090146750524,0.5913444821591192,0.2866812273692715,0.2865401946369016,0.2868285982794766
hold2,1,TCN.TCN.9.conv1d,16,28,swapped,0.7136973259375776,0.6307020448712641,0.7267743664344231,0.7699370579456233,0.6881941826407215,0.44343488699395645,0.4772864223928467,0.7237943638721849,0.3560305077864455,0.591364144382813,0.7137886997293509,0.713615428401978,0.7139648522460342
hold2,1,TCN.TCN.23.conv1d,16,28,swapped,0.7136973259375776,0.6307020448712641,0.7267743664344231,0.7699370579456233,0.6881941826407215,0.3615365510389933,0.21637961692831378,0.8722097071472455,0.123510135429052,0.591364144382813,0.7137886997293509,0.713615428401978,0.7139648522460342
hold3,0,TCN.TCN.9.conv1d,8,33,swapped,0.5454507823495323,0.6965187515522808,0.6691486721270786,0.825382688561091,0.5626470365029976,0.4350732676546072,0.16730223618780315,0.4267704280155642,0.10404492676633528,0.5048068962662471,0.5462194769582174,0.5460404281660479,0.5464028231008575
hold3,0,TCN.TCN.23.conv1d,8,33,swapped,0.5454507823495323,0.6965187515522808,0.6691486721270786,0.825382688561091,0.5626470365029976,0.46030300521566353,0.18532866783304172,0.5245843650512911,0.11254458526219929,0.5048068962662471,0.5462194769582174,0.5460404281660479,0.5464028231008575
hold3,1,TCN.TCN.9.conv1d,8,33,swapped,0.45454921765046774,0.7182506830035599,0.6219556222055597,0.7971808927173062,0.5098807030325107,0.5531500952065568,0.10109084853026896,0.5904669260700389,0.055277297149622075,0.5036313022601208,0.45428411536945157,0.45404470744726605,0.45452827611328656
hold3,1,TCN.TCN.23.conv1d,8,33,swapped,0.45454921765046774,0.7182506830035599,0.6219556222055597,0.7971808927173062,0.5098807030325107,0.4567431078731683,0.09980108375060019,0.20219566425792107,0.06625079683088972,0.5036313022601208,0.45428411536945157,0.45404470744726605,0.45452827611328656
hold4,0,TCN.TCN.9.conv1d,18,71,straight,0.7113378590942959,0.6876810994287607,0.7650703699090796,0.822790744399424,0.7149175128749745,0.34522725391174763,0.1494784385417787,0.9833746020516448,0.08088684570397742,0.5893896431823825,0.7114452139244848,0.7112885060413825,0.7116049346795078
hold4,0,TCN.TCN.23.conv1d,18,71,straight,0.7113378590942959,0.6876810994287607,0.7650703699090796,0.822790744399424,0.7149175128749745,0.2658125672655021,0.026135895676046673,0.23151750972762647,0.013849690127731386,0.5893896431823825,0.7114452139244848,0.7112885060413825,0.7116049346795078
hold4,1,TCN.TCN.9.conv1d,18,71,straight,0.28866214090570413,0.7903799983442338,0.543578188373141,0.7316510979012495,0.4324227432422743,0.7226591605265337,0.2883696229421136,0.556010649191071,0.19466551946655195,0.5890119215166819,0.2884164831453654,0.28829713732837575,0.2885423388542339
hold4,1,TCN.TCN.23.conv1d,18,71,straight,0.28866214090570413,0.7903799983442338,0.543578188373141,0.7316510979012495,0.4324227432422743,0.551908270552198,0.18425018839487564,0.19415548320495513,0.17530651753065174,0.5890119215166819,0.2884164831453654,0.28829713732837575,0.2885423388542339
hold5,0,TCN.TCN.9.conv1d,17,146,swapped,0.5778624058282971,0.6962082953886911,0.7471141587126564,0.7198061217714627,0.7765759312320917,0.42333802467091647,0.0375155451153793,0.5282101167315175,0.019448424068767907,0.5122236940144052,0.5780802327113352,0.57789751750273,0.5782664756446991
hold5,0,TCN.TCN.23.conv1d,17,146,swapped,0.5778624058282971,0.6962082953886911,0.7471141587126564,0.7198061217714627,0.7765759312320917,0.4025788558655518,0.1060423054290935,0.3918516823071641,0.06131805157593123,0.5122236940144052,0.5780802327113352,0.57789751750273,0.5782664756446991
hold5,1,TCN.TCN.9.conv1d,17,146,swapped,0.42213759417170293,0.7202169053729613,0.5555336358256068,0.8432820922339789,0.41419886252206317,0.555012832188095,0.26203061714834897,0.4368276493476768,0.18714453814473425,0.5122516350691282,0.42255054261956027,0.4223576769418015,0.42274955873700726
hold5,1,TCN.TCN.23.conv1d,17,146,swapped,0.42213759417170293,0.7202169053729613,0.5555336358256068,0.8432820922339789,0.41419886252206317,0.4875610563788393,0.1270669534252371,0.22618300489519266,0.08835065699156697,0.5122516350691282,0.42255054261956027,0.4223576769418015,0.42274955873700726
hold6,0,TCN.TCN.9.conv1d,41,42,straight,0.49617104064906037,0.5685901150757513,0.5206071757129714,0.5802019787768493,0.4721144621031994,0.5004760327841709,0.10799423439405699,0.47373540856031127,0.06094356150669503,0.5004273946518751,0.49683422252865234,0.4965731771723327,0.4971009051849998
hold6,0,TCN.TCN.23.conv1d,41,42,straight,0.49617104064906037,0.5685901150757513,0.5206071757129714,0.5802019787768493,0.4721144621031994,0.5499834423379418,0.4942429810890652,0.5586286675780839,0.4431652275476578,0.5004273946518751,0.49683422252865234,0.4965731771723327,0.4971009051849998
hold6,1,TCN.TCN.9.conv1d,41,42,straight,0.5038289593509396,0.5138463448961007,0.41868983096988144,0.5265811752988048,0.3474920921825576,0.4953017633910092,0.32572929628093455,0.4982236508205041,0.24195867395144394,0.49974749565361376,0.5038071776048916,0.5035483117956865,0.5040709854989113
hold6,1,TCN.TCN.23.conv1d,41,42,straight,0.5038289593509396,0.5138463448961007,0.41868983096988144,0.5265811752988048,0.3474920921825576,0.5094792615282722,0.09341289878356668,0.6787103946637021,0.05015815634884772,0.49974749565361376,0.5038071776048916,0.5035483117956865,0.5040709854989113
hold7,0,TCN.TCN.9.conv1d,18,124,swapped,0.7516764632833843,0.6789883268482491,0.7567058823529412,0.8792650918635171,0.6641334875268462,0.5089204404338108,0.6059881432770388,0.7633990209614661,0.5023955063604824,0.6263194386952562,0.7514594059246,0.751384456264421,0.7515364282174128
hold7,0,TCN.TCN.23.conv1d,18,124,swapped,0.7516764632833843,0.6789883268482491,0.7567058823529412,0.8792650918635171,0.6641334875268462,0.2505381240168888,0.0500039352519873,0.5297387437465259,0.026240431741836004,0.6263194386952562,0.7514594059246,0.751384456264421,0.7515364282174128
hold7,1,TCN.TCN.9.conv1d,18,124,swapped,0.2483235367166156,0.7774029307061843,0.4932862190812722,0.5673566706405115,0.4363227204534089,0.7489237519662224,0.010118319053447572,0.24124513618677043,0.00516752792132022,0.6265967795347296,0.24815054090860067,0.24815315990755726,0.24815385897649608
hold7,1,TCN.TCN.23.conv1d,18,124,swapped,0.2483235367166156,0.7774029307061843,0.4932862190812722,0.5673566706405115,0.4363227204534089,0.6088459309545492,0.21506001578269718,0.21433893534232967,0.2157859643273879,0.6265967795347296,0.24815054090860067,0.24815315990755726,0.24815385897649608
hold8,0,TCN.TCN.9.conv1d,6,131,swapped,0.5522808179485057,0.6975949995860584,0.6919914834411958,0.7908736086348962,0.6150876929995502,0.4298783011838728,0.12021718300862344,0.40683095546908776,0.07052915604856844,0.5046568424538456,0.5517018810195895,0.5515096734344497,0.5518981412082147
hold8,0,TCN.TCN.23.conv1d,6,131,swapped,0.5522808179485057,0.6975949995860584,0.6919914834411958,0.7908736086348962,0.6150876929995502,0.40061263349615034,0.20548696844993145,0.38347327462625436,0.14034627492130117,0.5046568424538456,0.5517018810195895,0.5515096734344497,0.5518981412082147
hold8,1,TCN.TCN.9.conv1d,6,131,swapped,0.4477191820514943,0.7919736733173276,0.7392939589655799,0.8422079073340819,0.6587925295857988,0.4839183707260535,0.14268523293794053,0.27841137796860327,0.09592270710059171,0.5062691447967546,0.44889029102817074,0.4486680995021005,0.44911704881656805
hold8,1,TCN.TCN.23.conv1d,6,131,swapped,0.4477191820514943,0.7919736733173276,0.7392939589655799,0.8422079073340819,0.6587925295857988,0.5004967298617435,0.023547499595403785,0.0943579766536965,0.013452292899408283,0.5062691447967546,0.44889029102817074,0.4486680995021005,0.44911704881656805
hold9,0,TCN.TCN.9.conv1d,13,53,straight,0.4564740458647239,0.7039696994784337,0.6694705705636309,0.6826750871901216,0.6567671729766493,0.5160609321963738,0.20760471736478242,0.41097544612907555,0.13888007254590795,0.5030714463117808,0.45598545271920754,0.4557389312469936,0.4562366810247108
hold9,0,TCN.TCN.23.conv1d,13,53,straight,0.4564740458647239,0.7039696994784337,0.6694705705636309,0.6826750871901216,0.6567671729766493,0.48967215829124927,0.478059312884994,0.4483443182720559,0.5119927454092043,0.5030714463117808,0.45598545271920754,0.4557389312469936,0.4562366810247108
hold9,1,TCN.TCN.9.conv1d,13,53,straight,0.543525954135276,0.6203742031625135,0.5166543691367135,0.8387952425772226,0.3732911922622901,0.5330532328835168,0.42315461123469106,0.6439688715953308,0.31510605079776094,0.5040711151585396,0.5439283689715196,0.543757553481719,0.5441034233273677
hold9,1,TCN.TCN.23.conv1d,13,53,straight,0.543525954135276,0.6203742031625135,0.5166543691367135,0.8387952425772226,0.3732911922622901,0.455356403675801,0.017180205415499535,0.4474708171206226,0.00875823464452991,0.5040711151585396,0.5439283689715196,0.543757553481719,0.5441034233273677
hold10,0,TCN.TCN.9.conv1d,11,52,straight,0.5022559814554185,0.7099097607417832,0.7070968820529968,0.7173203307186772,0.697160753286356,0.5031873499461876,0.114047390566177,0.5465157410682703,0.06366670787489183,0.5000010348538787,0.5024848331201335,0.5022467282313412,0.5027279845057073
hold10,0,TCN.TCN.23.conv1d,11,52,straight,0.5022559814554185,0.7099097607417832,0.7070968820529968,0.7173203307186772,0.697160753286356,0.5605596489775644,0.3808107319918344,0.6514017759153946,0.2690485020810154,0.5000010348538787,0.5024848331201335,0.5022467282313412,0.5027279845057073
hold10,1,TCN.TCN.9.conv1d,11,52,straight,0.4977440185445815,0.7266536964980544,0.665890864934605,0.8501937984496124,0.5472576822321095,0.4870229323619505,0.3956499475750408,0.4783044452305153,0.33735290448667304,0.49992342081298113,0.497923643690705,0.49765744776001586,0.49819535115805236
hold10,1,TCN.TCN.23.conv1d,11,52,straight,0.4977440185445815,0.7266536964980544,0.665890864934605,0.8501937984496124,0.5472576822321095,0.48638132295719844,0.1267506509958477,0.4122224765392538,0.07488876876377396,0.49992342081298113,0.497923643690705,0.49765744776001586,0.49819535115805236
hold11,0,TCN.TCN.9.conv1d,0,18,straight,0.8148025498799569,0.7548224190744267,0.8368768934177913,0.9138397690364489,0.7718705547652916,0.2890967795347297,0.2704023110582438,0.8255512321660181,0.1616795366795367,0.6982966305157712,0.8148743906720808,0.8148140688748576,0.8149359886201992
hold11,0,TCN.TCN.23.conv1d,0,18,straight,0.8148025498799569,0.7548224190744267,0.8368768934177913,0.9138397690364489,0.7718705547652916,0.18484559980130805,0.13993405105583823,0.49867704280155645,0.08138589717537086,0.6982966305157712,0.8148743906720808,0.8148140688748576,0.8149359886201992
hold11,1,TCN.TCN.9.conv1d,0,18,straight,0.18519745012004304,0.8655724811656594,0.5823956792901691,0.6856926570779712,0.5061466249441215,0.7146493915059193,0.03889857093063785,0.05169538632573652,0.031180151989271345,0.6981362281645832,0.18588568893100277,0.18568745721022803,0.18609186410371034
hold11,1,TCN.TCN.23.conv1d,0,18,straight,0.18519745012004304,0.8655724811656594,0.5823956792901691,0.6856926570779712,0.5061466249441215,0.817782929050418,0.29826239438864977,0.5200111172873819,0.20909700491729996,0.6981362281645832,0.18588568893100277,0.18568745721022803,0.18609186410371034
hold12,0,TCN.TCN.9.conv1d,16,57,straight,0.4456701713718023,0.7422592929878301,0.6740137692730558,0.7723782097432206,0.5978730320902801,0.5560890802218726,0.08074747128407339,0.5236242356864925,0.043746807226118054,0.5055137014653531,0.44543540915917446,0.4452734502104261,0.4456020991037012
hold12,0,TCN.TCN.23.conv1d,16,57,straight,0.4456701713718023,0.7422592929878301,0.6740137692730558,0.7723782097432206,0.5978730320902801,0.5482655848994122,0.21932899349023535,0.47719844357976654,0.14238610504806576,0.5055137014653531,0.44543540915917446,0.4452734502104261,0.4456020991037012
hold12,1,TCN.TCN.9.conv1d,16,57,straight,0.5543298286281977,0.683852140077821,0.6705489054243502,0.7938412828107445,0.5804054810887503,0.5032701382564782,0.29898352611286366,0.6867033409365356,0.19109136392487772,0.5064968126500538,0.5549939465181495,0.5548316407949654,0.5551599895456073
hold12,1,TCN.TCN.23.conv1d,16,57,straight,0.5543298286281977,0.683852140077821,0.6705489054243502,0.7938412828107445,0.5804054810887503,0.4830904876231476,0.286571257177136,0.6099221789883269,0.18728297800843818,0.5064968126500538,0.5549939465181495,0.5548316407949654,0.5551599895456073
hold13,0,TCN.TCN.9.conv1d,17,134,straight,0.5156883848000662,0.7239423793360378,0.7375236146095717,0.7235135135135136,0.7520870123615347,0.4741079559566189,0.04888639341194086,0.3629794330183435,0.026208059078503772,0.501238720092723,0.5166161358251983,0.5163966763123371,0.5168405843634611
hold13,0,TCN.TCN.23.conv1d,17,134,straight,0.5156883848000662,0.7239423793360378,0.7375236146095717,0.7235135135135136,0.7520870123615347,0.4629522311449623,0.3484003816985586,0.46538306722125317,0.27841547599935784,0.501238720092723,0.5166161358251983,0.5163966763123371,0.5168405843634611
hold13,1,TCN.TCN.9.conv1d,17,134,straight,0.48431161519993376,0.6765046775395314,0.5593459261347618,0.8218724109362054,0.4239316239316239,0.4828214256147032,0.15489718614718614,0.3712710765239948,0.09786324786324786,0.4994070287275437,0.4834513034199069,0.48321076959374454,0.4836965811965812
hold13,1,TCN.TCN.23.conv1d,17,134,straight,0.48431161519993376,0.6765046775395314,0.5593459261347618,0.8218724109362054,0.4239316239316239,0.5144051659905622,0.018901062139332608,0.4396887159533074,0.009658119658119657,0.4994070287275437,0.4834513034199069,0.48321076959374454,0.4836965811965812
hold14,0,TCN.TCN.9.conv1d,17,26,swapped,0.3987498965146121,0.6824033446477358,0.5943802701488197,0.6056019391327767,0.5835669054292536,0.5936542760162266,0.020162699006837353,0.2619974059662776,0.01048479186131008,0.5193848828545409,0.397690794877173,0.39746043797624075,0.39792639883733
hold14,0,TCN.TCN.23.conv1d,17,26,swapped,0.3987498965146121,0.6824033446477358,0.5943802701488197,0.6056019391327767,0.5835669054292536,0.4950947926152827,0.3990935290785033,0.37977591299048336,0.4204816775666978,0.5193848828545409,0.397690794877173,0.39746043797624075,0.39792639883733
hold14,1,TCN.TCN.9.conv1d,17,26,swapped,0.6012501034853879,0.6192979551287359,0.620147034528333,0.7750077423350883,0.516867469879518,0.4257802798244888,0.2945842868039664,0.5635214007782101,0.19941480206540446,0.5218457653779286,0.6024644718686406,0.6023191611244737,0.6026127366609294
hold14,1,TCN.TCN.23.conv1d,17,26,swapped,0.6012501034853879,0.6192979551287359,0.620147034528333,0.7750077423350883,0.516867469879518,0.4178739961917377,0.06489793204335395,0.9494163424124513,0.03359724612736661,0.5218457653779286,0.6024644718686406,0.6023191611244737,0.6026127366609294
hold15,0,TCN.TCN.9.conv1d,8,33,swapped,0.5964483814885339,0.6903924165907774,0.7072774592489679,0.8109490688804128,0.6271080574640849,0.44527692689792203,0.2662614980289093,0.6307392996108949,0.16874869872996043,0.5191251345310042,0.5969959261488423,0.5968335676332054,0.5971614962870428
hold15,0,TCN.TCN.23.conv1d,8,33,swapped,0.5964483814885339,0.6903924165907774,0.7072774592489679,0.8109490688804128,0.6271080574640849,0.484063250269062,0.2546346130845592,0.9204496325118893,0.14775487542508153,0.5191251345310042,0.5969959261488423,0.5968335676332054,0.5971614962870428
hold15,1,TCN.TCN.9.conv1d,8,33,swapped,0.4035516185114662,0.7666818445235533,0.6604211223905775,0.8002043944813491,0.5622115088727049,0.5874865468995778,0.19939746937135971,0.45988512136372056,0.12729510719048107,0.5182693103733753,0.4034650037974929,0.4032401129226312,0.40369525079495333
hold15,1,TCN.TCN.23.conv1d,8,33,swapped,0.4035516185114662,0.7666818445235533,0.6604211223905775,0.8002043944813491,0.5622115088727049,0.6678532991141651,0.461078648666801,0.6678015564202334,0.3520873935788286,0.5182693103733753,0.4034650037974929,0.4032401129226312,0.40369525079495333
