pair_index,real,n1_shift,n2_perm,n3_const,uniform
1,0.30353703865220677,0.28934934010136726,0.28919657650682906,0.2440000324044843,0.49223527110288445
2,0.1284230818486766,0.12842308184867662,0.12842308184867662,0.0642115409243383,0.49098318030155164
3,0.13829483386678176,0.13714682665550088,0.13691563442343108,0.07073532384773135,0.485905684373834
4,0.2809057756367787,0.2770276221309972,0.2771467672503075,0.2126803476898602,0.40009630820748393
5,0.37889646568211743,0.3644534780237207,0.36635298549327233,0.3572526317975726,0.378327021778986
6,0.2632893567737313,0.30060347336441107,0.30037638503853736,0.21885266875628517,0.3502343244619291
7,0.058059117356246,0.05697836352603793,0.05704188734851168,0.029029558678123,0.4912721165140825
8,0.5261099880835997,0.4964051017063103,0.49863103132823494,0.5135975845354505,0.3136439098826296
9,0.24378850390279977,0.2579422446156487,0.2571976880971156,0.212214388192278,0.3674746438422965
10,0.29362984720590757,0.291851872520112,0.29201319216640026,0.2806444041030579,0.48846097308138126
11,0.28187654928470024,0.23188683577744015,0.2362476627183559,0.17330284594141424,0.41529512968094545
12,0.22144971476153028,0.29724254948247003,0.29411054687671456,0.27909286998199,0.4436686765001312
13,0.40349657337075817,0.38676682071937657,0.3869570806510246,0.4242424868778917,0.3164080880443484
14,0.18687206417056557,0.2384246207509555,0.23869733275899457,0.18203553266361427,0.4487381881528013
15,0.46717437716495114,0.4643181438405783,0.46412861763889296,0.4822814782781243,0.3022615115534092
16,0.4400246105432086,0.3167052955073694,0.3256963579293032,0.27808380154118983,0.4921527706489844
17,0.48672248620350295,0.43770083602513166,0.439070234719523,0.48516715653669973,0.44762186013017086
18,0.24243528822989713,0.2438664274224459,0.24161541164263184,0.21161217654760195,0.465010422605035
19,0.2918503329043543,0.27348047402573544,0.2699161879142523,0.245555241316951,0.4089361142121752
20,0.32879162792046385,0.23993838139520476,0.2451713093253666,0.18466452652922832,0.4121149757237804
21,0.40392155063376045,0.36941438266676224,0.3720501033891874,0.3599431607767134,0.4878447635377695
22,0.1336963645012575,0.1364795647698029,0.13646937814067048,0.0806470020499657,0.4894444881288707
23,0.3828044721930656,0.3531510847066647,0.35425957316165224,0.35872855471302856,0.3208106051466923
24,0.2527793044197044,0.22328543573210308,0.22469693217370235,0.13211365274863487,0.42236609438076567
25,0.3099784055080867,0.2990101992118388,0.3039024181044248,0.29434886551729944,0.356296184260267
26,0.18476740167417333,0.1649531513798758,0.1648368422473741,0.0948005121525858,0.48959351986089417
27,0.21964054597982696,0.2190135778526575,0.22218435967235714,0.14401152232226933,0.39149343520256813
28,0.31107900414362627,0.32058947515315017,0.32267063275661184,0.28086691788639995,0.3369527571331661
29,0.3541551273077231,0.33406029724860814,0.33451527394927866,0.3313352603331307,0.32872690987748054
30,0.30015936621817096,0.2733598082375469,0.27243624465626387,0.24783029446733357,0.3585832131565824
31,0.21501980321465386,0.21729943163028712,0.2172552265028065,0.17064190871795035,0.48586337476426866
32,0.25262224763366187,0.2137032543310299,0.2148101695684555,0.15021822823309322,0.43780193585444643
33,0.10590878001529715,0.10971698916886986,0.10870443467488937,0.061657039670271016,0.47559228508529117
34,0.18069039434924472,0.18448551854953407,0.18407568718345582,0.12589428271143535,0.5309074432860327
35,0.36420354620368506,0.3508616857549693,0.35066740130530377,0.3218808437245959,0.4732721621554605
36,0.18871959564797458,0.16953364705026744,0.17489892708413368,0.10693466970950405,0.4363895851612871
37,0.2004121775839913,0.22548316467304452,0.22301350656551477,0.1684736265116113,0.4516330757221532
38,0.2770682769847326,0.26905602282105895,0.26978674455566676,0.2658933111451874,0.33978943553780894
39,0.3361890632300024,0.2910940233477215,0.292170724935533,0.2836024617554781,0.48483835727716423
40,0.40962369325226733,0.35957938883828233,0.3615364297539616,0.3573486295781334,0.31694374107421097
41,0.07926309042872606,0.08527765171959452,0.08465220515633981,0.043796815353029935,0.45741597525189137
42,0.3650701383573861,0.30811287436733786,0.31150105514701637,0.24597268639386638,0.4059936703565219
43,0.13759659992165807,0.14635766873416764,0.14799231595247764,0.08529523254920739,0.4533167160768736
44,0.2964057614497385,0.3179469913405131,0.3186194782085151,0.31398837440481286,0.3458553406321387
45,0.38647054485789023,0.38197297937887936,0.3802517514058056,0.4148924057262884,0.2778356992099216
46,0.1337307875951819,0.14163815850934702,0.1412939417444947,0.08484150092925977,0.4751295195304387
47,0.1412710698170395,0.21608328745312705,0.21285628772996718,0.15034548979519746,0.45632492932917296
48,0.12135769719252688,0.1384740480077657,0.13684865720594586,0.07700420479462414,0.5237227983780761
49,0.19991747746584407,0.20271327436026979,0.20507352418078573,0.14669272342884887,0.43641141431008906
50,0.38689835126022515,0.3629302769063358,0.3633160163226503,0.3582235505802085,0.28837055656004534
51,0.11800766854552418,0.30890740642837494,0.2922774021681104,0.22425298476878047,0.39075720166925554
52,0.1836325469210653,0.1722759374515565,0.17302036054929373,0.10543813097032606,0.4476808446891073
53,0.19365303403865886,0.22828857975608285,0.22559336647868883,0.1476747568473892,0.42437690296355507
54,0.04271772640229746,0.0955178044553352,0.09442521484047081,0.05115246182546502,0.4697921945045995
55,0.23453189795610233,0.23080674928519485,0.23047868995717236,0.15365901201476317,0.4110128652155653
56,0.23945182494504125,0.26758093049354376,0.2679009253959259,0.2514230366432681,0.4921235256243242
57,0.23944786985809224,0.23206894670163414,0.23243082935989157,0.16551813980046576,0.4497486668893762
58,0.2547968136773214,0.349665020814502,0.34434892031686276,0.34973523211506585,0.38518642415676674
59,0.14930435623820873,0.1522128649284149,0.15351498699634722,0.08845275597963102,0.49123895970664927
60,0.27401109610367,0.24383027956150172,0.24506339336988803,0.21136954122508558,0.4621769231201338
61,0.16245561490502594,0.16541789572809765,0.16430066107560712,0.0994832154171293,0.4876800025325524
62,0.30267405804801417,0.2571892573072727,0.260200757706603,0.2001698704449998,0.35731998911795687
63,0.291129267254859,0.2922296402032278,0.29112111536279783,0.24490732861508174,0.41039237538205514
64,0.2722883718445276,0.26468197356447326,0.26626700329957464,0.2369868159456183,0.40579391858094044
65,0.18283384184135382,0.1768411473816679,0.17717599267900716,0.09999589774875163,0.47598814047291826
66,0.21190244945329387,0.21505094456803953,0.2136354658834909,0.1156770792126193,0.477290466895075
67,0.21535520086588056,0.27600894502234496,0.2745483830311929,0.22105712919802434,0.4336408973154106
68,0.20047103584432813,0.18861918011667478,0.18880781672362856,0.10885024647778296,0.40553969946789126
69,0.16404719793552477,0.22176572376944365,0.21874218804284878,0.15382031497991241,0.415304289818597
70,0.10968626518639707,0.13370370300026335,0.1342408773736946,0.07593922154208384,0.47789507535487835
71,0.41352867563427737,0.4016398843627189,0.40184226418416585,0.38687947757040175,0.4702150314965405
72,0.23563811100661577,0.3731200809671415,0.37447895995091385,0.3223884551561628,0.3348872231107232
73,0.1599828768352426,0.34372084530541075,0.33134731939789175,0.25888634717806575,0.35247971419474167
74,0.28161542963940195,0.27179153616857676,0.27638799504986195,0.22204409081074,0.4257886018542658
75,0.27071669778104307,0.23423315485157126,0.23606074876992011,0.18106830599597012,0.43251854047029065
76,0.2167761413429999,0.26050880578587987,0.25953895092911644,0.19812307165038226,0.38167116556603187
77,0.14684347212886914,0.1562022891366829,0.15508214669026654,0.09442577983135583,0.4838244801702233
78,0.17930483912595999,0.17575182688512264,0.17457918840402925,0.10417747191753543,0.4398005468161386
79,0.12554712638064341,0.15555622358101664,0.1571325889287089,0.09016124053989272,0.45883291748012334
80,0.25073543564193057,0.345864929335348,0.33428289476977285,0.26103647533374574,0.3532647495691951
81,0.2698253150810277,0.20816188220095383,0.21218805921191994,0.13845948783238,0.4085971145965428
82,0.18153797528124063,0.26150608137999454,0.2561992614540388,0.19961264247834454,0.43546108727161936
83,0.13487628629749712,0.12738728093584967,0.12821669774519873,0.06743814314874855,0.43138724915025095
84,0.19206913750839857,0.3109843581628298,0.3056437440070716,0.25059033127038977,0.3850564035028796
85,0.16968038697381102,0.24211771550234634,0.23845587010803945,0.17013726736888196,0.4059383775210188
86,0.17842333694102566,0.24423123005903594,0.24253320605870282,0.20358268894996137,0.3823656170612064
87,0.22110180507397542,0.2813921252864027,0.2785201241937273,0.20912619427829945,0.385514101772595
88,0.07740011303319512,0.09581151451427107,0.09593501417783429,0.0518159299719757,0.47528262622923506
89,0.2217833778421741,0.24197785771726416,0.23846293219328302,0.1786668785125053,0.38434352629441687
90,0.2650146502076845,0.2490926428628901,0.24746654826750095,0.2178722906691125,0.4558451969643595
91,0.2887582708853634,0.24336782670474214,0.24461823245549666,0.1884698769976681,0.39677375928172637
92,0.4172633759698517,0.381621614646227,0.38260985049343643,0.40566742873367057,0.4607492351993004
93,0.42459887042635375,0.35647294193851287,0.3626095789833894,0.3761342555844817,0.4326686741236022
94,0.14310947922810272,0.14627942917992692,0.14575038434811202,0.08218979003756437,0.4483993566224805
95,0.18282145547185674,0.24858942715273527,0.2452752085432645,0.17689738297474483,0.3582194636351529
96,0.2827972676167694,0.2892830425254866,0.2928790642249309,0.22701523185696892,0.40280982384645186
97,0.11565102596907868,0.10815348767465358,0.10842171067938032,0.05863835444036157,0.4935090495614776
98,0.18381981157206273,0.3067842122084366,0.30445785965267447,0.24873268942895177,0.3607387692595292
99,0.23840788241987942,0.2884233935232213,0.2863641549461484,0.2540322018812075,0.41379756679936236
100,0.16068542402234287,0.3267512185169905,0.31574397213525646,0.2523322142667681,0.44177978780918514
