pair_index,speaker,eligible,excl_auc,auc_own,auc_other,frame_agreement
1,0,False,nan,0.5400349650349651,0.5866119174942704,0.5957446808510638
1,1,False,nan,0.030366692131398015,0.19382284382284384,0.5957446808510638
2,0,True,0.5,0.5,0.5,0.6914893617021277
2,1,True,0.5220959595959596,0.28983918128654973,0.28826086956521735,0.6914893617021277
3,0,False,nan,0.5164473684210527,0.516025641025641,0.9787234042553191
3,1,False,nan,0.31650641025641024,0.3196271929824562,0.9787234042553191
4,0,False,nan,0.18987341772151897,0.17888621794871795,0.9893617021276596
4,1,False,nan,0.6620592948717948,0.6761603375527425,0.9893617021276596
5,0,False,nan,0.2965745192307693,0.11228197674418605,0.851063829787234
5,1,False,nan,0.5675872093023255,0.5901442307692307,0.851063829787234
6,0,False,nan,0.7895569620253166,0.36200466200466197,0.6595744680851063
6,1,False,nan,0.3479020979020979,0.30928270042194095,0.6595744680851063
7,0,False,nan,0.5822368421052632,0.5822368421052632,1.0
7,1,False,nan,0.4926900584795321,0.4926900584795321,1.0
8,0,False,nan,0.6873219373219374,0.715625,0.9893617021276596
8,1,False,nan,0.48526785714285714,0.5054605887939222,0.9893617021276596
9,0,True,0.2,0.347705914870094,0.48682432432432426,0.7553191489361702
9,1,True,0.5572916666666666,0.7074324324324325,0.6963792150359315,0.7553191489361702
10,0,True,0.4724264705882352,0.5163261217948718,0.5065247252747253,0.5531914893617021
10,1,True,0.9099264705882353,0.5715430402930404,0.14983974358974358,0.5531914893617021
11,0,False,nan,0.6549925484351714,0.5291139240506328,0.8085106382978723
11,1,False,nan,0.24472573839662448,0.2784401390958768,0.8085106382978723
12,0,False,nan,0.5071225071225072,0.29305555555555557,0.9042553191489362
12,1,False,nan,0.18958333333333333,0.5944919278252612,0.9042553191489362
13,0,True,0.3170289855072464,0.31393229166666664,0.3944658216387506,0.6914893617021277
13,1,True,0.4085144927536232,0.4344726120416478,0.49700520833333334,0.6914893617021277
14,0,False,nan,0.10882994186046512,0.28074919871794873,0.9148936170212766
14,1,False,nan,0.3768028846153846,0.18604651162790697,0.9148936170212766
15,0,False,nan,0.3611719605695509,0.26480263157894735,0.925531914893617
15,1,False,nan,0.53609283625731,0.6144578313253012,0.925531914893617
16,0,False,nan,0.703921568627451,0.6875,0.7446808510638298
16,1,False,nan,0.15922619047619047,0.2389705882352941,0.7446808510638298
17,0,False,nan,0.056686046511627904,0.07471264367816093,0.9893617021276596
17,1,False,nan,0.8181444991789819,0.8397529069767442,0.9893617021276596
18,0,False,nan,0.5160156250000001,0.5853924418604651,0.7659574468085106
18,1,False,nan,0.3659156976744186,0.5028645833333333,0.7659574468085106
19,0,False,nan,0.7673611111111112,0.7264705882352941,0.8617021276595744
19,1,False,nan,0.9107843137254903,0.6459122474747474,0.8617021276595744
20,0,False,nan,0.20805921052631582,0.17623546511627908,0.8936170212765957
20,1,False,nan,0.7877906976744186,0.7958698830409358,0.8936170212765957
21,0,False,nan,0.5865384615384616,0.5584795321637427,0.9148936170212766
21,1,False,nan,0.13687865497076024,0.14603365384615385,0.9148936170212766
22,0,False,nan,0.5035569105691057,0.5124269005847953,0.9361702127659575
22,1,False,nan,0.47825292397660824,0.4220020325203252,0.9361702127659575
23,0,False,nan,0.22657545605306798,0.20535714285714285,0.8191489361702128
23,1,False,nan,0.5327380952380952,0.5410447761194029,0.8191489361702128
24,0,False,nan,0.18568313953488372,0.3379818594104308,0.5638297872340425
24,1,False,nan,0.5074829931972789,0.6046511627906976,0.5638297872340425
25,0,False,nan,0.11363636363636363,0.11078431372549019,0.9148936170212766
25,1,False,nan,0.46633986928104576,0.579449961802903,0.9148936170212766
26,0,False,nan,0.5945121951219512,0.6192307692307693,0.8191489361702128
26,1,False,nan,0.5179045092838196,0.5574186991869918,0.8191489361702128
27,0,False,nan,0.23986928104575167,0.23986928104575167,1.0
27,1,False,nan,0.6735294117647059,0.6735294117647059,1.0
28,0,True,0.6145833333333334,0.46308016877637126,0.37780448717948717,0.8191489361702128
28,1,True,0.24131944444444445,0.31810897435897434,0.47151898734177217,0.8191489361702128
29,0,False,nan,0.23197115384615385,0.19218749999999998,0.9787234042553191
29,1,False,nan,0.5263392857142857,0.532051282051282,0.9787234042553191
30,0,True,0.7951388888888888,0.5,0.3971283783783784,0.8191489361702128
30,1,True,0.748263888888889,0.674831081081081,0.5353881278538813,0.8191489361702128
31,0,True,0.34210526315789475,0.46953532479848265,0.6071428571428571,0.5851063829787234
31,1,True,0.6631578947368422,0.6233552631578947,0.4790184921763869,0.5851063829787234
32,0,True,0.41903409090909094,0.48310291858678955,0.5960656990068754,0.6808510638297872
32,1,True,0.8153409090909091,0.7307104660045836,0.45238095238095233,0.6808510638297872
33,0,False,nan,0.5302364864864865,0.4539170506912442,0.8829787234042553
33,1,False,nan,0.6150793650793651,0.597972972972973,0.8829787234042553
34,0,False,nan,0.47678571428571426,0.4815705128205128,0.8936170212765957
34,1,False,nan,0.25731169871794873,0.3363839285714286,0.8936170212765957
35,0,False,nan,0.6249999999999999,0.7576804915514592,0.6063829787234043
35,1,False,nan,0.25281618023553504,0.10817307692307691,0.6063829787234043
36,0,True,0.5305059523809523,0.5823863636363636,0.5427031509121062,0.6063829787234043
36,1,True,0.71875,0.6550580431177445,0.4512310606060606,0.6063829787234043
37,0,False,nan,0.12605042016806722,0.08680175246440307,0.9361702127659575
37,1,False,nan,0.21440306681270538,0.34081359816653933,0.9361702127659575
38,0,True,0.5275862068965517,0.4543850806451613,0.4409484724122207,0.5851063829787234
38,1,True,0.5926724137931034,0.4794801641586868,0.41922883064516125,0.5851063829787234
39,0,False,nan,0.5783132530120482,0.603265977443609,0.4787234042553192
39,1,False,nan,0.2734962406015038,0.08351588170865278,0.4787234042553192
40,0,False,nan,0.2826626924987581,0.6765752032520324,0.7127659574468085
40,1,False,nan,0.2990345528455285,0.5040983606557377,0.7127659574468085
41,0,False,nan,0.5491421568627451,0.45842696629213486,0.6914893617021277
41,1,False,nan,0.5140449438202247,0.5208333333333334,0.6914893617021277
42,0,True,0.5125,0.6609686609686609,0.5340909090909092,0.5638297872340425
42,1,True,0.5694444444444444,0.38022727272727275,0.2632953466286799,0.5638297872340425
43,0,False,nan,0.2535569105691057,0.22157738095238097,0.9787234042553191
43,1,False,nan,0.7113095238095238,0.7164634146341463,0.9787234042553191
44,0,False,nan,0.6114718614718615,0.5708860759493671,0.4574468085106383
44,1,False,nan,0.3911392405063291,0.4090909090909091,0.4574468085106383
45,0,False,nan,0.3044308632543927,0.30341569767441856,0.9042553191489362
45,1,False,nan,0.19258720930232556,0.3284950343773873,0.9042553191489362
46,0,False,nan,0.5558894230769231,0.5380116959064327,0.9787234042553191
46,1,False,nan,0.6842105263157895,0.6794871794871795,0.9787234042553191
47,0,False,nan,0.48717948717948717,0.6558823529411766,0.925531914893617
47,1,False,nan,0.3838235294117647,0.32682291666666663,0.925531914893617
48,0,True,0.40606060606060607,0.4983122362869199,0.6019736842105263,0.5425531914893617
48,1,True,0.40909090909090906,0.5975093984962406,0.6582278481012658,0.5425531914893617
49,0,False,nan,0.30080213903743314,0.0761437908496732,0.9148936170212766
49,1,False,nan,0.7176470588235294,0.6590909090909092,0.9148936170212766
50,0,False,nan,0.2349702380952381,0.07215189873417721,0.9042553191489362
50,1,False,nan,0.5316455696202531,0.5357142857142857,0.9042553191489362
51,0,False,nan,0.12134831460674156,0.07477678571428571,0.9042553191489362
51,1,False,nan,0.14955357142857145,0.13651685393258428,0.9042553191489362
52,0,True,0.6909722222222222,0.42828354670459934,0.3814604077761973,0.8723404255319149
52,1,True,0.5,0.5999288762446657,0.5999288762446657,0.8723404255319149
53,0,True,0.25997150997151,0.4340136054421769,0.75,0.48936170212765956
53,1,True,0.5014245014245015,0.6246835443037974,0.6698412698412699,0.48936170212765956
54,0,False,nan,0.5348548510313216,0.6058823529411764,0.9148936170212766
54,1,False,nan,0.55,0.5551948051948052,0.9148936170212766
55,0,False,nan,0.6697860962566844,0.6763523391812866,0.9893617021276596
55,1,False,nan,0.5970394736842105,0.5851795263559969,0.9893617021276596
56,0,False,nan,0.5515188834154351,0.6224959935897435,0.9042553191489362
56,1,False,nan,0.3208133012820513,0.020525451559934314,0.9042553191489362
57,0,True,0.3385416666666667,0.3295343137254902,0.28122362869198314,0.6914893617021277
57,1,True,0.21875,0.569620253164557,0.6254901960784314,0.6914893617021277
58,0,True,0.14004914004914004,0.32102143182854537,0.7175324675324675,0.48936170212765956
58,1,True,0.9201474201474201,0.5866119174942704,0.09427724578203374,0.48936170212765956
59,0,False,nan,0.6067073170731707,0.6041666666666666,0.9787234042553191
59,1,False,nan,0.6726190476190477,0.6768292682926829,0.9787234042553191
60,0,True,0.6428571428571428,0.6694390084801043,0.5961012311901505,0.6382978723404256
60,1,True,0.9553571428571429,0.5578545371637027,0.3953848662752772,0.6382978723404256
61,0,False,nan,0.43392857142857144,0.4998855311355312,0.5531914893617021
61,1,False,nan,0.5399496336996337,0.4757440476190476,0.5531914893617021
62,0,False,nan,0.7008169934640524,0.5315126050420168,0.851063829787234
62,1,False,nan,0.2979373567608862,0.12287581699346405,0.851063829787234
63,0,False,nan,0.5014245014245013,0.42163825757575757,0.925531914893617
63,1,False,nan,0.5596590909090909,0.38509021842355173,0.925531914893617
64,0,False,nan,0.40337552742616034,0.40112359550561794,0.8936170212765957
64,1,False,nan,0.5196629213483146,0.5221518987341772,0.8936170212765957
65,0,False,nan,0.32648809523809524,0.331045751633987,0.9893617021276596
65,1,False,nan,0.3946078431372549,0.3599702380952381,0.9893617021276596
66,0,False,nan,0.55,0.55,1.0
66,1,False,nan,0.05066964285714286,0.05066964285714286,1.0
67,0,True,0.6064453125,0.42261904761904756,0.31710697977821267,0.6595744680851063
67,1,True,0.05859375,0.20825179386823223,0.5970319634703197,0.6595744680851063
68,0,False,nan,0.4809985096870343,0.7467159277504106,0.723404255319149
68,1,False,nan,0.5804597701149425,0.593765524093393,0.723404255319149
69,0,True,0.3087962962962963,0.3969733656174334,0.6149789029535865,0.3191489361702128
69,1,True,0.2796296296296297,0.3725738396624473,0.44697336561743345,0.3191489361702128
70,0,False,nan,0.5654239766081871,0.5702247191011236,0.8617021276595744
70,1,False,nan,0.6466292134831461,0.516264619883041,0.8617021276595744
71,0,False,nan,0.5284090909090909,0.5297619047619048,0.9574468085106383
71,1,False,nan,0.17708333333333334,0.06486742424242424,0.9574468085106383
72,0,False,nan,0.5958378970427163,0.4611607142857143,0.7978723404255319
72,1,False,nan,0.35461309523809526,0.3299561883899233,0.7978723404255319
73,0,False,nan,0.1847800925925926,0.09859649122807018,0.776595744680851
73,1,False,nan,0.1442982456140351,0.24155092592592592,0.776595744680851
74,0,False,nan,0.5754464285714286,0.6494252873563219,0.925531914893617
74,1,False,nan,0.8390804597701149,0.8347098214285715,0.925531914893617
75,0,False,nan,0.5830176767676767,0.5941176470588235,0.8617021276595744
75,1,False,nan,0.06993464052287582,0.30129419191919193,0.8617021276595744
76,0,False,nan,0.30666666666666664,0.36637931034482757,0.8085106382978723
76,1,False,nan,0.49425287356321834,0.24159420289855071,0.8085106382978723
77,0,False,nan,0.32968236582694416,0.479535864978903,0.8723404255319149
77,1,False,nan,0.5618143459915612,0.5272453450164293,0.8723404255319149
78,0,False,nan,0.5829761175750153,0.7411764705882353,0.851063829787234
78,1,False,nan,0.4988562091503268,0.5563380281690141,0.851063829787234
79,0,False,nan,0.5884146341463414,0.5671889838556504,0.9893617021276596
79,1,False,nan,0.28074548907882235,0.26702235772357724,0.9893617021276596
80,0,False,nan,0.21079441391941392,0.20880681818181818,0.6170212765957447
80,1,False,nan,0.2159090909090909,0.32692307692307687,0.6170212765957447
81,0,False,nan,0.2182489451476793,0.2029560810810811,0.8829787234042553
81,1,False,nan,0.6341216216216218,0.6647679324894515,0.8829787234042553
82,0,True,0.36470170454545453,0.26075147125396103,0.37839366515837103,0.5425531914893617
82,1,True,0.7127130681818182,0.4251979638009049,0.28474422815753736,0.5425531914893617
83,0,True,0.39015151515151514,0.4575732448866777,0.5601351351351351,0.6063829787234043
83,1,True,0.45,0.4786317567567568,0.5298507462686567,0.6063829787234043
84,0,False,nan,0.5599563953488372,0.2638508891928864,0.6276595744680851
84,1,False,nan,0.2531919744642043,0.47529069767441867,0.6276595744680851
85,0,False,nan,0.3326797385620915,0.5457175925925926,0.6702127659574468
85,1,False,nan,0.2474537037037037,0.06274509803921569,0.6702127659574468
86,0,False,nan,0.3147681451612903,0.4363711001642036,0.7340425531914894
86,1,False,nan,0.47003284072249596,0.44140625000000006,0.7340425531914894
87,0,False,nan,0.43529411764705883,0.7277298850574712,0.648936170212766
87,1,False,nan,0.46443965517241376,0.3241830065359477,0.648936170212766
88,0,False,nan,0.1457122093023256,0.401689708141321,0.7553191489361702
88,1,False,nan,0.44591653865847414,0.47020348837209297,0.7553191489361702
89,0,True,0.3766666666666667,0.3314393939393939,0.3907563025210084,0.7340425531914894
89,1,True,0.46166666666666667,0.38636363636363635,0.4166666666666667,0.7340425531914894
90,0,True,0.7625,0.726790450928382,0.613322277501382,0.8085106382978723
90,1,True,0.48593749999999997,0.3577943615257049,0.33461538461538465,0.8085106382978723
91,0,False,nan,0.6281114718614719,0.8130081300813009,0.7659574468085106
91,1,False,nan,0.19855182926829268,0.49506222943722944,0.7659574468085106
92,0,False,nan,0.6535714285714286,0.6295180722891567,0.776595744680851
92,1,False,nan,0.6788061336254106,0.325297619047619,0.776595744680851
93,0,False,nan,0.6046511627906976,0.7213235294117647,0.44680851063829785
93,1,False,nan,0.22058823529411764,0.3819040697674418,0.44680851063829785
94,0,False,nan,0.2670138888888889,0.2720352564102564,0.8723404255319149
94,1,False,nan,0.3620793269230769,0.07465277777777779,0.8723404255319149
95,0,True,0.375,0.32621951219512196,0.38011965025310634,0.5638297872340425
95,1,True,0.6452380952380952,0.4883801196502532,0.304369918699187,0.5638297872340425
96,0,True,0.6025,0.5393229166666667,0.4544303797468355,0.6276595744680851
96,1,True,0.9364999999999999,0.7569620253164557,0.2770833333333333,0.6276595744680851
97,0,False,nan,0.6208860759493672,0.6018772893772893,0.6063829787234043
97,1,False,nan,0.4444826007326007,0.4543248945147679,0.6063829787234043
98,0,False,nan,0.14655172413793105,0.2592982456140351,0.8723404255319149
98,1,False,nan,0.3815789473684211,0.1625615763546798,0.8723404255319149
99,0,False,nan,0.4160731244064577,0.7297752808988764,0.9148936170212766
99,1,False,nan,0.8522471910112359,0.5546058879392213,0.9148936170212766
100,0,False,nan,0.43593251253989973,0.15098039215686276,0.6382978723404256
100,1,False,nan,0.15522875816993464,0.476687186502508,0.6382978723404256
