pair_index,origin,speaker_0,speaker_1,gender_0,gender_1,f0_0,f0_1,tertile_0,tertile_1,vad_real_mae,vad_random_mae
1,existing,1089,1188,M,M,79.57954426413491,100.80499266059948,low,low,0.31945782181981464,0.4395844936152207
2,existing,121,1221,F,F,178.52777920761162,194.34221664165162,mid,high,0.26273436355085306,0.38793335857566374
3,existing,1284,1320,F,M,316.7390989589601,124.27526978083765,high,low,0.13842261108124215,0.49513320764728846
4,existing,1580,1995,F,F,219.56608569650044,192.90732465784214,high,high,0.10887797900609138,0.4455828855116186
5,existing,2094,2300,F,M,171.57311613807593,138.10487864844717,mid,mid,0.22156350469907637,0.4084724582302035
6,existing,237,260,F,M,190.61231882976307,97.62658511897895,high,low,0.3228308989337187,0.2942091867349305
7,existing,2830,2961,M,F,136.7418040003808,206.55979967216456,mid,high,0.2218301246610745,0.40938150002116475
8,existing,3570,3575,F,F,176.75836906310306,197.81184458934197,mid,high,0.31387244776642764,0.4339866219704434
9,existing,3729,4077,F,M,220.1845606097724,132.32780157332877,high,mid,0.12277352014679291,0.44896264081806664
10,existing,4446,4507,F,F,184.05155945983185,213.3835968196296,mid,high,0.03331026925953751,0.46756659206745854
11,existing,4970,4992,F,F,250.6053219213703,199.7407275719381,high,high,0.21218093622264486,0.326972982382056
12,existing,5105,5142,M,F,120.80055808244724,178.0134140292045,low,mid,0.22144913820347814,0.4508064023650082
13,existing,5639,5683,M,F,133.03904573790035,181.63314086452843,mid,mid,0.24744035439368586,0.3929945450628248
14,existing,61,672,M,M,94.41299171250127,117.57209904654283,low,low,0.2545797659686138,0.4262125714837415
15,existing,6829,6930,F,M,199.2571495903902,613.533310528941,high,high,0.4671743575329525,0.307034933495357
16,existing,7021,7127,M,M,114.53071005572284,142.66778709215134,low,mid,0.2241437990894746,0.4756146212041015
17,existing,7176,7729,M,M,121.06475409880349,92.1414395715334,low,low,0.48714603654502037,0.4287455109831461
18,existing,8224,8230,M,M,163.34849749611416,102.57450946103032,mid,low,0.2424348340662636,0.47837355607378157
19,existing,8455,8463,M,F,102.54761751298037,151.05918625258954,low,mid,0.37645024274568833,0.3246578405821418
20,existing,8555,908,F,M,191.5762100792525,113.15176999163286,high,low,0.3287915255446945,0.3841069449944233
21,existing,1272,1462,M,F,109.07849770218965,189.8787441901341,low,high,0.26768749972753453,0.48040224476987725
22,existing,1673,174,F,M,225.63169308253268,154.75279288098417,high,mid,0.32506869408323796,0.40326032374857573
23,existing,1988,1993,F,F,156.94280080977057,180.51109842977303,mid,mid,0.3937185772052876,0.4282332944382235
24,existing,2035,2078,F,M,250.71396255289554,172.38332326733692,high,mid,0.2527477458295603,0.4051444614603256
25,existing,2086,2277,M,F,128.85336927684105,181.87414517159755,mid,mid,0.30993664060134635,0.34720114589575957
26,existing,2428,251,M,M,155.04121531532962,131.48120922246827,mid,mid,0.18476710421432724,0.4937641404998864
27,existing,2803,2902,M,M,137.0590861172036,262.6677126251029,mid,high,0.261703137872335,0.419671621393302
28,existing,3000,3081,M,F,100.98891790529268,186.06390807591177,low,mid,0.25439207715542783,0.3913614492367711
29,existing,3170,3752,M,M,136.26038862717277,122.07071675111793,mid,low,0.354155209078101,0.3503255478269798
30,existing,5338,5536,F,M,207.01946965671104,102.48114160886803,high,low,0.21159218925480267,0.432195271801301
31,existing,5895,6295,F,M,137.34342554446954,92.11029786736157,mid,low,0.13973641250987667,0.46102808007336826
32,existing,6313,6319,F,F,374.5444216227126,169.31217549331777,high,mid,0.2633198210954661,0.4567309684341809
33,existing,6345,777,F,M,292.30679160583657,103.05498877534372,high,low,0.2465303485066186,0.3523429046524096
34,existing,7850,7976,F,M,189.3884149461807,231.34378749806461,mid,high,0.1807017050715423,0.4858759372573345
35,existing,8297,84,M,F,115.59181099572952,203.18319626006218,low,high,0.2240623055547838,0.39978829148516126
36,new,103,1034,F,M,162.13512259881304,120.56532150741957,mid,low,0.1887187929540529,0.42764562561292924
37,new,1069,1088,F,F,191.3662707500088,219.30877505312208,high,high,0.20036564900275158,0.4276692271184229
38,new,1183,1246,F,F,206.66485130522568,180.5103109408343,high,mid,0.2770733368352331,0.3383002484236303
39,new,1263,1334,F,M,160.79484353554378,103.30330152595629,mid,low,0.3361190887305589,0.46996934155016934
40,new,1363,150,F,F,123.39586687279778,441.68214457380634,low,high,0.40962354381113447,0.36502841133598685
41,new,1502,1553,F,F,194.49367764138108,198.40159123100722,high,high,0.0792628679371974,0.46074332213460867
42,new,1624,163,M,M,109.93558877759817,77.29438645082405,low,low,0.36500282751319885,0.3787681644429355
43,new,1743,1841,M,F,130.65360446512372,256.58492143271457,mid,high,0.1375964809879205,0.48501294323485505
44,new,19,1926,F,F,378.1566969785199,165.29955374357831,high,mid,0.2959362146298886,0.3345732316862743
45,new,1963,1970,F,F,175.04692813436324,209.33265181310355,mid,high,0.38647044513619266,0.30806675138620104
46,new,1992,201,F,M,194.42317193966758,108.88060128365872,high,low,0.1337059816909093,0.44936787608687545
47,new,2182,2196,F,F,160.17584736999405,212.08635159128593,mid,high,0.14127113584620143,0.42308460474074305
48,new,226,233,F,M,195.2763597277931,134.94052998351214,high,mid,0.12135750748437053,0.46430647801544844
49,new,250,2514,F,M,202.02729495677636,107.40893313451377,high,low,0.1999541487723152,0.42058089769897417
50,new,2518,254,M,M,111.67672785278575,102.22181159329668,low,low,0.38689822719868683,0.30484799190517964
51,new,2764,2843,F,M,205.4427027073528,91.40152882828305,high,low,0.11800769322148404,0.35464306463820333
52,new,2893,2989,M,F,126.8538727540739,218.1182192546681,low,high,0.18363258797760346,0.4235634714537464
53,new,302,307,F,M,176.66284587284932,128.75803951611115,mid,low,0.19365283105041903,0.4052555533274531
54,new,311,3112,M,F,95.33936726633547,211.45218683886372,low,high,0.04271774628657836,0.4668512409536163
55,new,3168,32,M,F,97.26119900839119,193.7934111034679,low,high,0.2345316480718279,0.4171865476479078
56,new,3214,322,M,F,1130.4574058853862,136.4655582130779,high,mid,0.23928399922694552,0.4673713736714864
57,new,3240,3242,M,M,108.94928037050596,108.86787134783594,low,low,0.23946010902359963,0.44539200465995865
58,new,3259,3440,F,F,172.19427038336912,196.84462951074948,mid,high,0.2547972109408505,0.4043194249563915
59,new,3526,3664,F,M,177.2235306590266,104.46834934634082,mid,low,0.14929883762509175,0.48026856028187487
60,new,3723,374,M,M,96.54017001345024,161.71222024908872,low,mid,0.2740110396029062,0.470346318861614
61,new,3830,3947,M,F,218.82872321646138,178.47960175028936,high,mid,0.1624556255411377,0.47946031451856225
62,new,3983,40,F,F,191.67802947155076,189.87421766177027,high,mid,0.3026743555104981,0.39994701490043005
63,new,4014,4018,M,M,122.49448426104365,113.4054226292688,low,low,0.29112857102506035,0.3514248165270406
64,new,403,4088,F,F,183.0006614046249,219.4155298153083,mid,high,0.2722609103992705,0.3567858022320198
65,new,4160,4214,F,F,215.46331122187186,218.17228608327545,high,high,0.18296587878358292,0.4788409903098138
66,new,426,4297,F,F,168.79884277680972,183.42933304522876,mid,mid,0.21190236427808953,0.4965286342163383
67,new,4362,4441,F,M,197.70195308703572,97.9136463431603,high,low,0.21538502245930682,0.4676595082830767
68,new,446,4481,M,F,117.28938928034297,169.64431172782523,low,mid,0.20025201918376398,0.42670367600385845
69,new,458,460,M,M,107.24878220883475,105.14804509363933,low,low,0.16404596179201678,0.3642093722906809
70,new,4680,4788,F,M,224.56650058256938,140.58569814935515,high,mid,0.10964154967450207,0.48316841215491313
71,new,481,4830,M,M,115.09986422529599,114.23003993525401,low,low,0.41352861931220614,0.48591685843490584
72,new,4853,4859,F,M,190.9345043412035,100.75035973701034,high,low,0.23563835930748545,0.3409443254462691
73,new,4898,5049,M,M,121.12572050569288,133.9790290145066,low,mid,0.15998294693465734,0.3458196881790627
74,new,5104,5163,M,F,110.04313965160505,266.5346453186532,low,high,0.2816154944564756,0.41497732403668436
75,new,5192,5322,M,M,119.0618100858649,145.40447786569783,low,mid,0.2709214656512801,0.4804970629198214
76,new,5390,5393,M,F,109.39678535202226,182.54095911730502,low,mid,0.21747144454093367,0.3606039164333984
77,new,5456,5678,M,M,130.34170518756787,89.66900956035539,mid,low,0.14684425086436112,0.43536068253342886
78,new,5688,5703,F,M,218.88395575164597,81.70869601109733,high,low,0.17930476852054197,0.41977605468865503
79,new,5750,5778,M,F,109.11400774349171,183.52164174849847,low,mid,0.12533111061390725,0.43977634304249347
80,new,5789,587,F,F,183.42572582450026,195.0346844645033,mid,high,0.25073547923806383,0.3905433951607411
81,new,6147,6181,F,M,283.5248861295588,112.24599202258051,high,low,0.2698248977621214,0.44643583522322533
82,new,6209,6367,M,M,118.96476433428789,158.9029252605138,low,mid,0.18119350329925404,0.35700536502834074
83,new,6385,6415,F,F,223.99233704292908,153.01308771663008,high,mid,0.1348758929878183,0.44260104761152125
84,new,6476,6529,F,M,226.26267208903366,116.8470179260049,high,low,0.19206923199960615,0.39610252124046286
85,new,6531,6563,F,M,155.80834072074666,138.84236324397142,mid,mid,0.16967741218254356,0.42561663763776947
86,new,6818,6836,F,M,215.28180980271745,114.91696415600514,high,low,0.17852852405831385,0.37411337664935657
87,new,6848,7067,M,M,113.37216485771043,138.6947345278163,low,mid,0.22102850762043055,0.3816727456906196
88,new,7078,7113,F,F,153.351984311672,210.59999562651822,mid,high,0.07723218118989682,0.4718061734365975
89,new,7148,7178,F,F,124.40736759138794,197.60583741722576,low,high,0.22178338706011608,0.39642599375931975
90,new,7226,7312,M,M,132.36637312276997,141.96420304973836,mid,mid,0.2650158463788483,0.4524934508627172
91,new,7367,7447,M,M,87.50079814488579,92.0272506770852,low,low,0.2887368774731115,0.38241454337472086
92,new,7505,7635,M,F,151.89145865486884,169.8157917839567,mid,mid,0.4172634560590316,0.4468820125907562
93,new,7780,78,F,M,217.14117037586436,87.11334994932248,high,low,0.4245987796381958,0.48328838274400665
94,new,7800,8014,F,F,206.16877821982405,214.99169586213992,high,high,0.1431061652499423,0.4107848683228751
95,new,8226,8238,M,F,211.1209308443097,225.7407914001698,high,high,0.18276527265837414,0.32294825784735004
96,new,831,8312,M,F,97.12521415411409,220.49025185915943,low,high,0.28279740858050667,0.40933993964252313
97,new,8324,839,F,M,147.37817038442824,184.1883947560806,mid,mid,0.11565144405233031,0.4642333441265757
98,new,87,8770,F,M,203.07286198671588,115.88094301815843,high,low,0.18402697600992457,0.3510241282772328
99,new,8797,89,M,F,126.03340577455144,185.49961837958267,low,mid,0.23840799669098287,0.4028227251924538
100,new,8975,909,F,M,220.08641722913393,119.82941782676679,high,low,0.16068543343724073,0.40403449832957644
