pair,speaker,layer,sep_auc_roc,sep_auc_pr,sep_cam_active_rate,sep_ibm_active_rate,vad_auc_roc,vad_auc_pr,vad_cam_active_rate,vad_ref_active_rate
sel1,0,TCN.TCN.9.conv1d,0.5072963271486575,0.3888970539634343,0.0,0.39556254656842454,0.7422510162601627,0.9362239738772093,0.06914893617021277,0.8723404255319149
sel1,0,TCN.TCN.23.conv1d,0.5243395085875322,0.41049483382124763,0.0,0.39556254656842454,0.7408536585365854,0.9338349766476388,0.11702127659574468,0.8723404255319149
sel1,1,TCN.TCN.9.conv1d,0.5266300285547791,0.6283274621958281,0.0,0.6044374534315755,0.21218487394957983,0.709767553484737,0.2127659574468085,0.8191489361702128
sel1,1,TCN.TCN.23.conv1d,0.510905812729771,0.6226952480768766,0.0,0.6044374534315755,0.7614591291061878,0.9162475610699928,0.24468085106382978,0.8191489361702128
sel2,0,TCN.TCN.9.conv1d,0.5415233844775658,0.8393496684654111,0.0,0.8135400281480255,0.72265625,0.6850977837807307,0.1276595744680851,0.3404255319148936
sel2,0,TCN.TCN.23.conv1d,0.5677882523736951,0.8414301288310074,0.0,0.8135400281480255,0.7563634072580645,0.5622157010602917,0.14361702127659576,0.3404255319148936
sel2,1,TCN.TCN.9.conv1d,0.5787644850916025,0.27916172003946105,0.0,0.1864599718519745,0.6539343009931246,0.8810676750207463,0.03723404255319149,0.8191489361702128
sel2,1,TCN.TCN.23.conv1d,0.8220770249162139,0.560827543890599,0.0,0.1864599718519745,0.6205118411000764,0.9082121639097878,0.2712765957446808,0.8191489361702128
sel3,0,TCN.TCN.9.conv1d,0.4004140828284555,0.40931308052204585,0.0,0.4356320887490686,0.5164473684210527,0.8148096304591262,0.005319148936170213,0.8085106382978723
sel3,0,TCN.TCN.23.conv1d,0.432168268947436,0.4183555895642493,0.0,0.4356320887490686,0.868421052631579,0.9496080627099663,0.13297872340425532,0.8085106382978723
sel3,1,TCN.TCN.9.conv1d,0.43684313855121176,0.5379217120418751,0.0,0.5643679112509313,0.31650641025641024,0.819438915804766,0.11170212765957446,0.8297872340425532
sel3,1,TCN.TCN.23.conv1d,0.43454040704379626,0.5322499881785523,0.0,0.5643679112509313,0.13681891025641027,0.7615373693008614,0.0797872340425532,0.8297872340425532
sel4,0,TCN.TCN.9.conv1d,0.503080236802255,0.6062860187349834,0.0,0.6053895189999172,0.5049019607843138,0.9224093727510545,0.026595744680851064,0.9042553191489362
sel4,0,TCN.TCN.23.conv1d,0.5880591037341273,0.6628028685014667,0.0,0.6053895189999172,0.8294117647058823,0.967334167709637,0.06914893617021277,0.9042553191489362
sel4,1,TCN.TCN.9.conv1d,0.4475097049296147,0.34420677483364737,0.0,0.3946104810000828,0.5362745098039216,0.9147160178379832,0.03723404255319149,0.9042553191489362
sel4,1,TCN.TCN.23.conv1d,0.6260427000764776,0.5235099349051987,0.0,0.3946104810000828,0.6254901960784314,0.9524688638315905,0.31382978723404253,0.9042553191489362
sel5,0,TCN.TCN.9.conv1d,0.5032235132052312,0.5919462146652147,0.0,0.5656304329828629,0.6241405653170359,0.8828972521722551,0.0797872340425532,0.8191489361702128
sel5,0,TCN.TCN.23.conv1d,0.48941290544111765,0.5695552933787872,0.0,0.5656304329828629,0.6066653934300993,0.8770726512772562,0.0851063829787234,0.8191489361702128
sel5,1,TCN.TCN.9.conv1d,0.49291467854354765,0.4106647086373955,0.0,0.4343695670171372,0.44004360465116277,0.8987586591391583,0.1276595744680851,0.9148936170212766
sel5,1,TCN.TCN.23.conv1d,0.5233659899022224,0.441598918499582,0.0,0.4343695670171372,0.5098110465116279,0.9313058209526003,0.06914893617021277,0.9148936170212766
sel6,0,TCN.TCN.9.conv1d,0.5078244053344493,0.1304535871811318,0.0,0.12892209620001654,0.36540084388185656,0.8190392456503004,0.3723404255319149,0.8404255319148937
sel6,0,TCN.TCN.23.conv1d,0.4135982333195909,0.12186372036843432,0.0,0.12892209620001654,0.8391350210970464,0.9503375100224877,0.05851063829787234,0.8404255319148937
sel6,1,TCN.TCN.9.conv1d,0.5263690743455093,0.8681347344484491,0.0,0.8710779037999834,0.43292370711725553,0.32982257056563513,0.010638297872340425,0.32978723404255317
sel6,1,TCN.TCN.23.conv1d,0.2654722361968347,0.7846241995656928,0.0,0.8710779037999834,0.7547363031233999,0.7069190554270172,0.0797872340425532,0.32978723404255317
sel7,0,TCN.TCN.9.conv1d,0.47398344888251326,0.46797290104127,0.0,0.46017882275022765,0.22142857142857145,0.866371962628758,0.0797872340425532,0.8936170212765957
sel7,0,TCN.TCN.23.conv1d,0.4782055710611403,0.45390731553103975,0.0,0.46017882275022765,0.8404761904761904,0.9677636040895011,0.28191489361702127,0.8936170212765957
sel7,1,TCN.TCN.9.conv1d,0.40801428555494984,0.5088091532907455,0.0,0.5398211772497723,0.5856569900687548,0.839579608817098,0.09574468085106383,0.8191489361702128
sel7,1,TCN.TCN.23.conv1d,0.4594076655935502,0.5248192866841012,0.0,0.5398211772497723,0.23223834988540876,0.75585524383344,0.16489361702127658,0.8191489361702128
sel8,0,TCN.TCN.9.conv1d,0.5197322704846075,0.6328703505865463,0.0,0.6177249772332146,0.07572115384615384,0.7681197332218966,0.06914893617021277,0.8297872340425532
sel8,0,TCN.TCN.23.conv1d,0.525810928694024,0.6697339197745614,0.0,0.6177249772332146,0.7435897435897436,0.9205291899325959,0.12234042553191489,0.8297872340425532
sel8,1,TCN.TCN.9.conv1d,0.6157994062718126,0.472660749759029,0.0,0.3822750227667853,0.5837053571428571,0.9020194612667994,0.13829787234042554,0.851063829787234
sel8,1,TCN.TCN.23.conv1d,0.503775821822914,0.38469769456812253,0.0,0.3822750227667853,0.7678571428571429,0.9332034417442273,0.14893617021276595,0.851063829787234
sel9,0,TCN.TCN.9.conv1d,0.44626447420713905,0.4176695469207412,0.0,0.44312443083036673,0.46283783783783783,0.8325886692436301,0.05851063829787234,0.7872340425531915
sel9,0,TCN.TCN.23.conv1d,0.5541426249388386,0.4711246241082677,0.0,0.44312443083036673,0.7611486486486486,0.9057935442494909,0.1702127659574468,0.7872340425531915
sel9,1,TCN.TCN.9.conv1d,0.44507351402063255,0.5279843665426559,0.0,0.5568755691696332,0.4393973214285714,0.8515221225388201,0.031914893617021274,0.851063829787234
sel9,1,TCN.TCN.23.conv1d,0.552715881849703,0.5933047162426155,0.0,0.5568755691696332,0.9843749999999999,0.9974225931691599,0.48404255319148937,0.851063829787234
sel10,0,TCN.TCN.9.conv1d,0.5804319910084628,0.731916173627829,0.0,0.6435549300438778,0.5109375,0.861170762941906,0.03723404255319149,0.851063829787234
sel10,0,TCN.TCN.23.conv1d,0.55149590159021,0.6644336791977532,0.0,0.6435549300438778,0.8397321428571427,0.9692637376363692,0.5319148936170213,0.851063829787234
sel10,1,TCN.TCN.9.conv1d,0.5021642196479129,0.35711087059046753,0.0,0.3564450699561222,0.5587053571428571,0.7789741641337384,0.031914893617021274,0.7446808510638298
sel10,1,TCN.TCN.23.conv1d,0.5621382279440115,0.4495280068444939,0.0,0.3564450699561222,0.9655505952380953,0.9859890488598871,0.14893617021276595,0.7446808510638298
sel11,0,TCN.TCN.9.conv1d,0.3659969873532467,0.3974994103744265,0.0,0.44763639374120373,0.471829640947288,0.8516750396101213,0.25,0.8191489361702128
sel11,0,TCN.TCN.23.conv1d,0.4786495290543966,0.4318638390492293,0.0,0.44763639374120373,0.711038961038961,0.8954821773970709,0.0797872340425532,0.8191489361702128
sel11,1,TCN.TCN.9.conv1d,0.3481897898432687,0.48271716714769575,0.0,0.5523636062587962,0.6759493670886075,0.9067550420251018,0.0425531914893617,0.8404255319148937
sel11,1,TCN.TCN.23.conv1d,0.551383253023991,0.6185682810972966,0.0,0.5523636062587962,0.7563291139240507,0.9222326959332077,0.14361702127659576,0.8404255319148937
sel12,0,TCN.TCN.9.conv1d,0.5073516048893931,0.5653907238839726,0.0,0.5775312525871347,0.5071225071225072,0.8661114430958841,0.10638297872340426,0.8617021276595744
sel12,0,TCN.TCN.23.conv1d,0.42449229923214804,0.5232853840479449,0.0,0.5775312525871347,0.8676400759734093,0.9719282426477464,0.22340425531914893,0.8617021276595744
sel12,1,TCN.TCN.9.conv1d,0.5193051258327311,0.44370778837880587,0.0,0.42246874741286533,0.18958333333333333,0.9282088468023693,0.22340425531914893,0.9574468085106383
sel12,1,TCN.TCN.23.conv1d,0.4996787367163047,0.4219327959875017,0.0,0.42246874741286533,0.789236111111111,0.9840794102835182,0.18085106382978725,0.9574468085106383
sel13,0,TCN.TCN.9.conv1d,0.641562703774631,0.6133629542601182,0.0,0.5153365344813312,0.4762426900584795,0.8217534566220542,0.14893617021276595,0.8085106382978723
sel13,0,TCN.TCN.23.conv1d,0.2845545197627668,0.4686107512039777,0.0,0.5153365344813312,0.7330043859649124,0.9065084327849844,0.12234042553191489,0.8085106382978723
sel13,1,TCN.TCN.9.conv1d,0.4912900052840713,0.4829796286837346,0.0,0.4846634655186688,0.572468891402715,0.8229223672586199,0.06382978723404255,0.723404255319149
sel13,1,TCN.TCN.23.conv1d,0.5851415702698928,0.5073595366884431,0.0,0.4846634655186688,0.5295531674208145,0.7984514682718299,0.0797872340425532,0.723404255319149
sel14,0,TCN.TCN.9.conv1d,0.4925357744380232,0.5602099606939019,0.0,0.5673068962662472,0.17859738372093026,0.8636189925927266,0.12234042553191489,0.9148936170212766
sel14,0,TCN.TCN.23.conv1d,0.49996546623996446,0.5694775823324976,0.0,0.5673068962662472,0.6686046511627907,0.9435922810489857,0.05851063829787234,0.9148936170212766
sel14,1,TCN.TCN.9.conv1d,0.5167753345502721,0.5988691710203738,0.0,0.5673068962662472,0.48288690476190477,0.7721831241344299,0.14893617021276595,0.7446808510638298
sel14,1,TCN.TCN.23.conv1d,0.4768016103283044,0.5555022575489851,0.0,0.5673068962662472,0.7017857142857143,0.8428273573915701,0.30319148936170215,0.7446808510638298
sel15,0,TCN.TCN.9.conv1d,0.4837026000120861,0.47326432984842504,0.0,0.47810249192813975,0.3611719605695509,0.8797687417383804,0.5159574468085106,0.8829787234042553
sel15,0,TCN.TCN.23.conv1d,0.35160731539241213,0.3929467943573135,0.0,0.47810249192813975,0.9126506024096386,0.9795565239682134,0.23404255319148937,0.8829787234042553
sel15,1,TCN.TCN.9.conv1d,0.5882666265629464,0.5927229828715157,0.0,0.5218975080718603,0.53609283625731,0.8158330268129664,0.010638297872340425,0.8085106382978723
sel15,1,TCN.TCN.23.conv1d,0.34955966166606234,0.45541389579111474,0.0,0.5218975080718603,0.7364766081871345,0.9042392174871102,0.35106382978723405,0.8085106382978723
sel16,0,TCN.TCN.9.conv1d,0.6539233431137808,0.8013970291944286,0.0,0.6804992135110522,0.564828431372549,0.6887865506810914,0.05851063829787234,0.6382978723404256
sel16,0,TCN.TCN.23.conv1d,0.5884995106216694,0.7080101237468944,0.0,0.6804992135110522,0.7111519607843138,0.763106981704234,0.18617021276595744,0.6382978723404256
sel16,1,TCN.TCN.9.conv1d,0.5756830088502873,0.42987035719988864,0.0,0.31950078648894775,0.17276785714285714,0.782214483546907,0.09574468085106383,0.851063829787234
sel16,1,TCN.TCN.23.conv1d,0.6494654294541697,0.5010895189625268,0.0,0.31950078648894775,0.796875,0.9394946808510638,0.06382978723404255,0.851063829787234
sel17,0,TCN.TCN.9.conv1d,0.5303994156944354,0.5404705663782766,0.0,0.5005174269393162,0.056686046511627904,0.8269776288932533,0.12234042553191489,0.9148936170212766
sel17,0,TCN.TCN.23.conv1d,0.4596488022423545,0.49750098246105134,0.0,0.5005174269393162,0.6366279069767442,0.9381494309747649,0.10106382978723404,0.9148936170212766
sel17,1,TCN.TCN.9.conv1d,0.547853676230627,0.5306904920498845,0.0,0.49948257306068383,0.8181444991789819,0.9835302525564584,0.5638297872340425,0.925531914893617
sel17,1,TCN.TCN.23.conv1d,0.45102735929206794,0.4709770457546653,0.0,0.49948257306068383,0.6954022988505747,0.9546343849351926,0.09574468085106383,0.925531914893617
sel18,0,TCN.TCN.9.conv1d,0.41202291073408726,0.3518038572917343,0.0,0.3880495074095538,0.5160156250000001,0.7230697713819695,0.05319148936170213,0.6808510638297872
sel18,0,TCN.TCN.23.conv1d,0.4372360478609749,0.3713303199928697,0.0,0.3880495074095538,0.44895833333333335,0.673549838997093,0.20212765957446807,0.6808510638297872
sel18,1,TCN.TCN.9.conv1d,0.44809158178383307,0.6001173031141575,0.0,0.6119504925904462,0.3659156976744186,0.9006555278333079,0.13829787234042554,0.9148936170212766
sel18,1,TCN.TCN.23.conv1d,0.4744129657490369,0.6052983620564981,0.0,0.6119504925904462,0.9175145348837208,0.99015322860951,0.2712765957446808,0.9148936170212766
sel19,0,TCN.TCN.9.conv1d,0.473932526414491,0.5628846208580476,0.0,0.5841543174103817,0.33459595959595956,0.722634827598454,0.2553191489361702,0.7659574468085106
sel19,0,TCN.TCN.23.conv1d,0.5047513650924568,0.5927020242098722,0.0,0.5841543174103817,0.8701073232323232,0.9623199932101518,0.2553191489361702,0.7659574468085106
sel19,1,TCN.TCN.9.conv1d,0.5290912343540011,0.44174106905673965,0.0,0.41584568258961835,0.5718390804597702,0.936231352408902,0.0425531914893617,0.925531914893617
sel19,1,TCN.TCN.23.conv1d,0.49523005364382794,0.4135979377601638,0.0,0.41584568258961835,0.7959770114942528,0.9696135974565908,0.11170212765957446,0.925531914893617
sel20,0,TCN.TCN.9.conv1d,0.4111311437784488,0.35606617518868916,0.0,0.37294064078152167,0.20805921052631582,0.6929062495800784,0.10638297872340426,0.8085106382978723
sel20,0,TCN.TCN.23.conv1d,0.6055345913442746,0.468443504590656,0.0,0.37294064078152167,0.6410818713450294,0.8931552755709045,0.43617021276595747,0.8085106382978723
sel20,1,TCN.TCN.9.conv1d,0.41464068589784775,0.6091610378503685,0.0,0.6270593592184783,0.7877906976744186,0.9695082613262976,0.11702127659574468,0.9148936170212766
sel20,1,TCN.TCN.23.conv1d,0.52993208679217,0.6321986493042838,0.0,0.6270593592184783,0.5406976744186046,0.921820880752103,0.026595744680851064,0.9148936170212766
hold1,0,TCN.TCN.9.conv1d,0.468904176712483,0.3456971987607073,0.0,0.35683831443000247,0.33593750000000006,0.8195271215514129,0.05851063829787234,0.8297872340425532
hold1,0,TCN.TCN.23.conv1d,0.5042737869275763,0.344481888569225,0.0,0.35683831443000247,0.8141025641025641,0.9367157665030004,0.15425531914893617,0.8297872340425532
hold1,1,TCN.TCN.9.conv1d,0.37498711536416474,0.5485809896723459,0.0,0.6431616855699975,0.23364825581395346,0.874624292318436,0.15425531914893617,0.9148936170212766
hold1,1,TCN.TCN.23.conv1d,0.6197756428517534,0.6974948745136453,0.0,0.6431616855699975,0.747093023255814,0.9569520039584365,0.10106382978723404,0.9148936170212766
hold2,0,TCN.TCN.9.conv1d,0.47311513263851596,0.2793030913576546,0.0,0.2863026740624224,0.18572154471544716,0.7917652405489923,0.14893617021276595,0.8723404255319149
hold2,0,TCN.TCN.23.conv1d,0.44674884131156994,0.2533652396933991,0.0,0.2863026740624224,0.7047764227642276,0.9424079631247252,0.18617021276595744,0.8723404255319149
hold2,1,TCN.TCN.9.conv1d,0.4894102732895126,0.7276607727761875,0.0,0.7136973259375776,0.4417808219178082,0.7775354993816912,0.22872340425531915,0.776595744680851
hold2,1,TCN.TCN.23.conv1d,0.599903066925911,0.7797278540766353,0.0,0.7136973259375776,0.6046966731898239,0.853663221877779,0.07446808510638298,0.776595744680851
hold3,0,TCN.TCN.9.conv1d,0.4359034740385846,0.5038390340576143,0.0,0.5454507823495323,0.643677281077771,0.8338602592416527,0.0425531914893617,0.7553191489361702
hold3,0,TCN.TCN.23.conv1d,0.4926630300675199,0.5485476295989581,0.0,0.5454507823495323,0.8945192896509492,0.9545587351502721,0.18085106382978725,0.7553191489361702
hold3,1,TCN.TCN.9.conv1d,0.4917250115495082,0.4687387341711765,0.0,0.45454921765046774,0.039285714285714285,0.7481823455763972,0.34574468085106386,0.8936170212765957
hold3,1,TCN.TCN.23.conv1d,0.34732655189491374,0.3768107048963627,0.0,0.45454921765046774,0.8508928571428571,0.9774181552540944,0.19148936170212766,0.8936170212765957
hold4,0,TCN.TCN.9.conv1d,0.6437656491200837,0.8123903301599402,0.0,0.7113378590942959,0.18568313953488372,0.878497091817564,0.18617021276595744,0.9148936170212766
hold4,0,TCN.TCN.23.conv1d,0.41165499127315425,0.6914391256723845,0.0,0.7113378590942959,0.7267441860465116,0.9534883720930236,0.14893617021276595,0.9148936170212766
hold4,1,TCN.TCN.9.conv1d,0.6701441754275224,0.4368782334079112,0.0,0.28866214090570413,0.5074829931972789,0.504546500255675,0.03723404255319149,0.4787234042553192
hold4,1,TCN.TCN.23.conv1d,0.369248561414949,0.23643733563319946,0.0,0.28866214090570413,0.9195011337868482,0.9235822943072747,0.17553191489361702,0.4787234042553192
hold5,0,TCN.TCN.9.conv1d,0.5265594558683623,0.5883671845901025,0.0,0.5778624058282971,0.11363636363636363,0.668936652402111,0.2765957446808511,0.8191489361702128
hold5,0,TCN.TCN.23.conv1d,0.3803393840637329,0.5379594667324661,0.0,0.5778624058282971,0.6898395721925134,0.8884304234818786,0.12234042553191489,0.8191489361702128
hold5,1,TCN.TCN.9.conv1d,0.5658814410910392,0.44864621731212373,0.0,0.42213759417170293,0.46633986928104576,0.9198915754703223,0.05319148936170213,0.9042553191489362
hold5,1,TCN.TCN.23.conv1d,0.32709816795079205,0.34997219953283226,0.0,0.42213759417170293,0.7529411764705882,0.9526908635794742,0.07446808510638298,0.9042553191489362
hold6,0,TCN.TCN.9.conv1d,0.49037067041382,0.4887620747638737,0.0,0.49617104064906037,0.5945121951219512,0.8964711987545408,0.02127659574468085,0.8723404255319149
hold6,0,TCN.TCN.23.conv1d,0.5787402639784242,0.5696586296595976,0.0,0.49617104064906037,0.6711128048780487,0.9238453345732679,0.026595744680851064,0.8723404255319149
hold6,1,TCN.TCN.9.conv1d,0.4728947066367107,0.49951237491836076,0.0,0.5038289593509396,0.5179045092838196,0.7600525282969145,0.10106382978723404,0.6914893617021277
hold6,1,TCN.TCN.23.conv1d,0.5574791552106576,0.5456628649613222,0.0,0.5038289593509396,0.8265915119363396,0.9189482257823759,0.26595744680851063,0.6914893617021277
hold7,0,TCN.TCN.9.conv1d,0.5040973177046477,0.7536784511679819,0.0,0.7516764632833843,0.3217299578059072,0.8166242748457575,0.10638297872340426,0.8404255319148937
hold7,0,TCN.TCN.23.conv1d,0.4436779535212842,0.7223749103235569,0.0,0.7516764632833843,0.9143459915611815,0.9774393697299356,0.18085106382978725,0.8404255319148937
hold7,1,TCN.TCN.9.conv1d,0.4955968727041819,0.24750486304846012,0.0,0.2483235367166156,0.7392156862745098,0.9543474448531427,0.19680851063829788,0.9042553191489362
hold7,1,TCN.TCN.23.conv1d,0.4492851507888942,0.23079932217236968,0.0,0.2483235367166156,0.5356209150326797,0.9347734978961653,0.11170212765957446,0.9042553191489362
hold8,0,TCN.TCN.9.conv1d,0.429328018310842,0.5215572536288698,0.0,0.5522808179485057,0.26666666666666666,0.7792058277005667,0.1595744680851064,0.8404255319148937
hold8,0,TCN.TCN.23.conv1d,0.3959824332102032,0.48535109838133866,0.0,0.5522808179485057,0.8481012658227849,0.95152168058174,0.2074468085106383,0.8404255319148937
hold8,1,TCN.TCN.9.conv1d,0.37556725043939637,0.37312403188641835,0.0,0.4477191820514943,0.3516042780748663,0.7724327859691642,0.015957446808510637,0.8191489361702128
hold8,1,TCN.TCN.23.conv1d,0.43473356939845603,0.41451815221817895,0.0,0.4477191820514943,0.6470588235294117,0.8941518660222683,0.2074468085106383,0.8191489361702128
hold9,0,TCN.TCN.9.conv1d,0.5183336458263076,0.4445741433345024,0.0,0.4564740458647239,0.23197115384615385,0.7375429450103108,0.28191489361702127,0.8297872340425532
hold9,0,TCN.TCN.23.conv1d,0.4947278704450833,0.447534115060238,0.0,0.4564740458647239,0.6987179487179487,0.9012134689217357,0.0797872340425532,0.8297872340425532
hold9,1,TCN.TCN.9.conv1d,0.5585569570263789,0.6076801619881974,0.0,0.543525954135276,0.5263392857142857,0.8661399631124378,0.05319148936170213,0.851063829787234
hold9,1,TCN.TCN.23.conv1d,0.49751380365305736,0.5426707900757898,0.0,0.543525954135276,0.5915178571428571,0.9162121422782139,0.11702127659574468,0.851063829787234
hold10,0,TCN.TCN.9.conv1d,0.5136876523764257,0.5109322731901927,0.0,0.5022559814554185,0.16601435094585779,0.6386548055768133,0.21808510638297873,0.776595744680851
hold10,0,TCN.TCN.23.conv1d,0.5410327916255195,0.5566176881202388,0.0,0.5022559814554185,0.7154272667971298,0.8614241448226705,0.6276595744680851,0.776595744680851
hold10,1,TCN.TCN.9.conv1d,0.4958180042856726,0.48518755172928824,0.0,0.4977440185445815,0.32547514619883045,0.7548989225785541,0.06914893617021277,0.8085106382978723
hold10,1,TCN.TCN.23.conv1d,0.47326301492154654,0.477348305350697,0.0,0.4977440185445815,0.7711988304093567,0.9167097974826367,0.10638297872340426,0.8085106382978723
hold11,0,TCN.TCN.9.conv1d,0.5741266889450547,0.8366634020190553,0.0,0.8148025498799569,0.5668127053669223,0.9073128833948021,0.031914893617021274,0.8829787234042553
hold11,0,TCN.TCN.23.conv1d,0.2554477332147438,0.7221187220048493,0.0,0.8148025498799569,0.5770810514786419,0.9147345683834854,0.11702127659574468,0.8829787234042553
hold11,1,TCN.TCN.9.conv1d,0.367521999014923,0.14555682536462286,0.0,0.18519745012004304,0.5024671052631579,0.6167140180141706,0.06382978723404255,0.5957446808510638
hold11,1,TCN.TCN.23.conv1d,0.6873916042901174,0.35804014488054836,0.0,0.18519745012004304,0.7518209586466166,0.8159368823327657,0.031914893617021274,0.5957446808510638
hold12,0,TCN.TCN.9.conv1d,0.5249819496376377,0.4570122227102037,0.0,0.4456701713718023,0.25163398692810457,0.8916245813440911,0.07446808510638298,0.9042553191489362
hold12,0,TCN.TCN.23.conv1d,0.5580990029866209,0.47510704795399983,0.0,0.4456701713718023,0.8841503267973855,0.9810671775465527,0.19148936170212766,0.9042553191489362
hold12,1,TCN.TCN.9.conv1d,0.5402388062433368,0.6074258069709959,0.0,0.5543298286281977,0.2767379679144385,0.7763352759478561,0.10638297872340426,0.8191489361702128
hold12,1,TCN.TCN.23.conv1d,0.528552295612018,0.5734913649214833,0.0,0.5543298286281977,0.538961038961039,0.8559425116696591,0.10106382978723404,0.8191489361702128
hold13,0,TCN.TCN.9.conv1d,0.46770762925823933,0.4962345430027529,0.0,0.5156883848000662,0.2497625830959164,0.8161481197334708,0.4095744680851064,0.8617021276595744
hold13,0,TCN.TCN.23.conv1d,0.483355493260775,0.5091670870039431,0.0,0.5156883848000662,0.671415004748338,0.9461943386991134,0.35638297872340424,0.8617021276595744
hold13,1,TCN.TCN.9.conv1d,0.45487778251163224,0.4431326417571222,0.0,0.48431161519993376,0.23188684075780852,0.5720202806453938,0.2127659574468085,0.6702127659574468
hold13,1,TCN.TCN.23.conv1d,0.4997652754280022,0.4855946872514054,0.0,0.48431161519993376,0.6209677419354838,0.7503159892888212,0.10106382978723404,0.6702127659574468
hold14,0,TCN.TCN.9.conv1d,0.49345190523181837,0.396341481251175,0.0,0.3987498965146121,0.47678571428571426,0.8502039007092198,0.005319148936170213,0.851063829787234
hold14,0,TCN.TCN.23.conv1d,0.5157879799663128,0.3984743377447373,0.0,0.3987498965146121,0.7125,0.9143617021276592,0.15425531914893617,0.851063829787234
hold14,1,TCN.TCN.9.conv1d,0.4757931722440771,0.5969132939332116,0.0,0.6012501034853879,0.25731169871794873,0.7805776170380055,0.10106382978723404,0.8297872340425532
hold14,1,TCN.TCN.23.conv1d,0.5764067606458222,0.6597934801580088,0.0,0.6012501034853879,0.8247195512820513,0.9620473565854116,0.22872340425531915,0.8297872340425532
hold15,0,TCN.TCN.9.conv1d,0.5133605902489355,0.6132388759207195,0.0,0.5964483814885339,0.11053276178812001,0.6133688366541993,0.18085106382978725,0.7553191489361702
hold15,0,TCN.TCN.23.conv1d,0.6885891839790441,0.7694699022559882,0.0,0.5964483814885339,0.8792100428658911,0.9434554525002082,0.2393617021276596,0.7553191489361702
hold15,1,TCN.TCN.9.conv1d,0.4751065186098194,0.41646618939710506,0.0,0.4035516185114662,0.736904761904762,0.9487907150826067,0.10106382978723404,0.8936170212765957
hold15,1,TCN.TCN.23.conv1d,0.6394352381068519,0.5719972819546446,0.0,0.4035516185114662,0.5669642857142857,0.9341796360716067,0.1595744680851064,0.8936170212765957
