pair,speaker,frame,youden_threshold,precision,recall,f1,ref_active_rate,chance_f1
sel1,0,59,0.002398037178761371,1.0,0.4817073170731707,0.6502057613168725,0.8723404255319149,0.873176610326324
sel1,1,108,0.10763524271406391,0.9291338582677166,0.7662337662337663,0.8398576512455517,0.8191489361702128,0.8219383028911282
sel2,0,98,0.022420508653898174,0.5949367088607594,0.734375,0.6573426573426573,0.3404255319148936,0.3271155063093575
sel2,1,52,0.2923147052989867,1.0,0.4090909090909091,0.5806451612903226,0.8191489361702128,0.8219383028911282
sel3,0,174,0.003283064099112975,1.0,0.7368421052631579,0.8484848484848484,0.8085106382978723,0.8106177688582848
sel3,1,111,0.0,0.8297872340425532,1.0,0.9069767441860465,0.8297872340425532,0.831486094652664
sel4,0,60,0.006024765819219355,1.0,0.6588235294117647,0.7943262411347518,0.9042553191489362,0.9034904490399693
sel4,1,33,0.46235683705676,1.0,0.4294117647058823,0.6008230452674896,0.9042553191489362,0.9034904490399693
sel5,0,144,0.14752685665984652,0.9464285714285714,0.34415584415584416,0.5047619047619047,0.8191489361702128,0.8219383028911282
sel5,1,112,0.2524148140487709,1.0,0.19186046511627908,0.3219512195121952,0.9148936170212766,0.9131596508005275
sel6,0,66,0.019726055083182963,1.0,0.6708860759493671,0.8030303030303031,0.8404255319148937,0.8416391471765667
sel6,1,66,0.12400204893430418,0.5857142857142857,0.6612903225806451,0.6212121212121212,0.32978723404255317,0.31841000295086197
sel7,0,145,0.006863779416925804,0.9915966386554622,0.7023809523809523,0.8222996515679443,0.8936170212765957,0.8932538615481492
sel7,1,25,0.647675209862111,1.0,0.05844155844155844,0.11042944785276072,0.8191489361702128,0.8219383028911282
sel8,0,87,0.049385269922498864,0.9385964912280702,0.6858974358974359,0.7925925925925926,0.8297872340425532,0.831486094652664
sel8,1,40,0.014926661035708947,0.9724770642201835,0.6625,0.7881040892193308,0.851063829787234,0.8545078660767403
sel9,0,65,0.005839008040740895,0.9484536082474226,0.6216216216216216,0.7510204081632653,0.7872340425531915,0.7865717825448352
sel9,1,48,0.2618073566957816,1.0,0.925,0.961038961038961,0.851063829787234,0.8545078660767403
sel10,0,63,0.5121872344324404,0.9897959183673469,0.60625,0.7519379844961241,0.851063829787234,0.85009791057139
sel10,1,116,0.06466493400991173,0.9846153846153847,0.9142857142857143,0.9481481481481482,0.7446808510638298,0.7496654278403398
sel11,0,40,0.010199670194991607,1.0,0.42207792207792205,0.593607305936073,0.8191489361702128,0.8219383028911282
sel11,1,128,0.000388098501358516,1.0,0.5126582278481012,0.6778242677824267,0.8404255319148937,0.8435717813120569
sel12,0,76,0.21794103659202818,0.983739837398374,0.7469135802469136,0.849122807017544,0.8617021276595744,0.8617211464797435
sel12,1,58,0.04633513620435529,1.0,0.5388888888888889,0.700361010830325,0.9574468085106383,0.9554575151695358
sel13,0,25,0.008048467197999445,0.9393939393939394,0.6118421052631579,0.7410358565737052,0.8085106382978723,0.8120089716324685
sel13,1,53,0.3853067386450564,0.9230769230769231,0.2647058823529412,0.4114285714285715,0.723404255319149,0.719654316253661
sel14,0,83,0.008813558488526104,1.0,0.3372093023255814,0.5043478260869565,0.9148936170212766,0.91375130507611
sel14,1,50,0.2606714533853287,0.8211920529801324,0.8857142857142857,0.852233676975945,0.7446808510638298,0.7478690904189118
sel15,0,129,0.0010514266331933821,1.0,0.8253012048192772,0.9042904290429044,0.8829787234042553,0.8838667533520269
sel15,1,90,0.3119433043332493,0.9124087591240876,0.8223684210526315,0.8650519031141869,0.8085106382978723,0.8106177688582848
sel16,0,99,0.015712465480290445,0.8555555555555555,0.6416666666666667,0.7333333333333334,0.6382978723404256,0.6413913011841806
sel16,1,64,0.005317653455000195,1.0,0.59375,0.7450980392156863,0.851063829787234,0.8545078660767403
sel17,0,43,0.0003714165574048231,1.0,0.27325581395348836,0.4292237442922374,0.9148936170212766,0.91375130507611
sel17,1,67,0.017823742278108113,1.0,0.39080459770114945,0.5619834710743802,0.925531914893617,0.9229354487597933
sel18,0,49,0.8835862557205693,1.0,0.046875,0.08955223880597014,0.6808510638297872,0.6825289823602262
sel18,1,106,0.15299244399886974,1.0,0.8023255813953488,0.8903225806451612,0.9148936170212766,0.91375130507611
sel19,0,22,0.20305289674251598,1.0,0.7638888888888888,0.8661417322834646,0.7659574468085106,0.7673537736475128
sel19,1,48,0.005759762835073603,1.0,0.5919540229885057,0.7436823104693141,0.925531914893617,0.9229354487597933
sel20,0,121,0.6667019133172751,1.0,0.2631578947368421,0.4166666666666667,0.8085106382978723,0.8106177688582848
sel20,1,58,0.04952660101132066,1.0,0.08139534883720931,0.15053763440860218,0.9148936170212766,0.91375130507611
hold1,0,169,0.009905850315574689,1.0,0.6282051282051282,0.7716535433070866,0.8297872340425532,0.831486094652664
hold1,1,95,0.010042160367319497,1.0,0.4941860465116279,0.6614785992217899,0.9148936170212766,0.91375130507611
hold2,0,170,0.16144839730371816,0.9662921348314607,0.524390243902439,0.6798418972332015,0.8723404255319149,0.873176610326324
hold2,1,79,0.13763159058886293,0.9014084507042254,0.4383561643835616,0.5898617511520736,0.776595744680851,0.7795546277326303
hold3,0,129,0.05246697398710709,0.9823008849557522,0.7816901408450704,0.8705882352941176,0.7553191489361702,0.7578716662002741
hold3,1,137,0.08470671952342373,1.0,0.75,0.8571428571428571,0.8936170212765957,0.8932538615481492
hold4,0,106,0.00712185482802396,1.0,0.45348837209302323,0.624,0.9148936170212766,0.91375130507611
hold4,1,57,0.09678708421664975,0.9743589743589743,0.8444444444444444,0.9047619047619048,0.4787234042553192,0.4667780412570532
hold5,0,82,0.0037525691708686754,0.9354838709677419,0.564935064935065,0.7044534412955467,0.8191489361702128,0.8225847614141566
hold5,1,40,0.010986428466693676,1.0,0.5058823529411764,0.671875,0.9042553191489362,0.9034904490399693
hold6,0,176,0.039928231479763,0.9726027397260274,0.4329268292682927,0.5991561181434598,0.8723404255319149,0.873176610326324
hold6,1,91,0.3583644114704895,0.9259259259259259,0.5769230769230769,0.7109004739336493,0.6914893617021277,0.6938993502934561
hold7,0,25,0.09412567199305052,0.9918032786885246,0.7658227848101266,0.8642857142857142,0.8404255319148937,0.8435717813120569
hold7,1,159,0.20051001678686736,1.0,0.2823529411764706,0.44036697247706424,0.9042553191489362,0.9034904490399693
hold8,0,88,0.004190357913019302,1.0,0.6962025316455697,0.8208955223880596,0.8404255319148937,0.8410376425784959
hold8,1,105,0.12530545521780811,0.9108910891089109,0.5974025974025974,0.7215686274509805,0.8191489361702128,0.8219383028911282
hold9,0,73,0.013506747876282766,0.9722222222222222,0.44871794871794873,0.6140350877192982,0.8297872340425532,0.831486094652664
hold9,1,84,0.2093238338729063,0.9705882352941176,0.4125,0.5789473684210525,0.851063829787234,0.8545078660767403
hold10,0,35,0.30384196175665135,0.881578947368421,0.9178082191780822,0.8993288590604027,0.776595744680851,0.7823372742399826
hold10,1,54,0.002189309531061802,0.9886363636363636,0.5723684210526315,0.725,0.8085106382978723,0.8106177688582848
hold11,0,64,0.11962520050360083,0.9375,0.3614457831325301,0.5217391304347826,0.8829787234042553,0.8838667533520269
hold11,1,20,0.022103059602676382,0.8904109589041096,0.5803571428571429,0.7027027027027029,0.5957446808510638,0.600527357502577
hold12,0,152,0.06750893200846887,1.0,0.7647058823529411,0.8666666666666666,0.9042553191489362,0.9034904490399693
hold12,1,40,0.3009488478936374,0.9487179487179487,0.24025974025974026,0.383419689119171,0.8191489361702128,0.8219383028911282
hold13,0,134,0.1773059711830726,1.0,0.5987654320987654,0.749034749034749,0.8617021276595744,0.8617211464797435
hold13,1,98,0.01974736484431514,0.8913043478260869,0.3253968253968254,0.47674418604651164,0.6702127659574468,0.6741276993352542
hold14,0,91,0.01413459824938414,1.0,0.425,0.5964912280701754,0.851063829787234,0.8519850258744809
hold14,1,56,0.29685918556174684,0.989247311827957,0.5897435897435898,0.7389558232931727,0.8297872340425532,0.831486094652664
hold15,0,145,0.0016587868621190324,0.9823008849557522,0.7816901408450704,0.8705882352941176,0.7553191489361702,0.7603105323289062
hold15,1,133,0.15593607366718268,1.0,0.3630952380952381,0.5327510917030567,0.8936170212765957,0.8932538615481492
