pair_index,tag,speaker,utt,reference_positive_rate,cam_iou_thr0.3,cam_precision_thr0.3,cam_recall_thr0.3,cam_f1_thr0.3,netvad_iou_thr0.3,netvad_precision_thr0.3,netvad_recall_thr0.3,netvad_f1_thr0.3,cam_iou_thr0.5,cam_precision_thr0.5,cam_recall_thr0.5,cam_f1_thr0.5,netvad_iou_thr0.5,netvad_precision_thr0.5,netvad_recall_thr0.5,netvad_f1_thr0.5,cam_iou_thr0.7,cam_precision_thr0.7,cam_recall_thr0.7,cam_f1_thr0.7,netvad_iou_thr0.7,netvad_precision_thr0.7,netvad_recall_thr0.7,netvad_f1_thr0.7,chance_iou,chance_precision,chance_recall,chance_f1,cam_best_thr,cam_best_f1,cam_best_iou,cam_best_precision,cam_best_recall,netvad_best_thr,netvad_best_f1,netvad_best_iou,netvad_best_precision,netvad_best_recall
1,sel1,0,1089-134691-0001.flac,0.8723404255319149,0.2127659574468085,0.625,0.24390243902439024,0.3508771929824561,0.9390243902439024,1.0,0.9390243902439024,0.9685534591194969,0.0797872340425532,0.38461538461538464,0.09146341463414634,0.14778325123152708,0.9146341463414634,1.0,0.9146341463414634,0.9554140127388536,0.027932960893854747,0.25,0.03048780487804878,0.05434782608695651,0.9024390243902439,1.0,0.9024390243902439,0.9487179487179488,0.775279923012406,0.8750929040413278,0.8716463414634145,0.873176610326324,0.05,0.50199203187251,0.3351063829787234,0.7241379310344828,0.38414634146341464,0.2,0.9719626168224299,0.9454545454545454,0.9936305732484076,0.9512195121951219
1,sel1,1,1188-133604-0000.flac,0.8191489361702128,0.2064516129032258,0.9696969696969697,0.2077922077922078,0.3422459893048128,0.9221556886227545,0.9221556886227545,1.0,0.9595015576323989,0.12337662337662338,1.0,0.12337662337662338,0.21965317919075145,0.9096385542168675,0.9263803680981595,0.9805194805194806,0.9526813880126184,0.03896103896103896,1.0,0.03896103896103896,0.07500000000000001,0.8484848484848485,0.9271523178807947,0.9090909090909091,0.9180327868852459,0.6982256604140711,0.8229813411037451,0.8214285714285715,0.8219383028911282,0.05,0.41747572815533973,0.26380368098159507,0.8269230769230769,0.2792207792207792,0.35,0.9625,0.927710843373494,0.927710843373494,1.0
2,sel2,0,121-121726-0001.flac,0.3404255319148936,0.47761194029850745,0.9142857142857143,0.5,0.6464646464646465,0.4129032258064516,0.4129032258064516,1.0,0.5844748858447488,0.359375,1.0,0.359375,0.5287356321839081,0.4155844155844156,0.4155844155844156,1.0,0.5871559633027523,0.171875,1.0,0.171875,0.29333333333333333,0.41830065359477125,0.41830065359477125,1.0,0.5898617511520737,0.19641690431749498,0.33285640649300996,0.3234375,0.3271155063093575,0.3,0.6464646464646465,0.47761194029850745,0.9142857142857143,0.5,0.75,0.5953488372093023,0.423841059602649,0.423841059602649,1.0
2,sel2,1,1221-135767-0001.flac,0.8191489361702128,0.21965317919075145,0.6666666666666666,0.24675324675324675,0.36018957345971564,0.5161290322580645,0.9876543209876543,0.5194805194805194,0.6808510638297871,0.09433962264150944,0.75,0.09740259740259741,0.17241379310344832,0.4935064935064935,1.0,0.4935064935064935,0.6608695652173914,0.03896103896103896,1.0,0.03896103896103896,0.07500000000000001,0.4805194805194805,1.0,0.4805194805194805,0.6491228070175439,0.6982256604140711,0.8229813411037451,0.8214285714285715,0.8219383028911282,0.05,0.5945945945945945,0.4230769230769231,0.7333333333333333,0.5,0.05,0.7120000000000001,0.5527950310559007,0.9270833333333334,0.577922077922078
3,sel3,0,1284-1181-0000.flac,0.8085106382978723,0.22413793103448276,0.639344262295082,0.2565789473684211,0.3661971830985916,0.9620253164556962,0.9620253164556962,1.0,0.9806451612903226,0.14285714285714285,0.9166666666666666,0.14473684210526316,0.25,0.967741935483871,0.9803921568627451,0.9868421052631579,0.9836065573770492,0.07894736842105263,1.0,0.07894736842105263,0.14634146341463414,0.948051948051948,0.9864864864864865,0.9605263157894737,0.9733333333333333,0.6821914310416474,0.8123755640024706,0.8095394736842104,0.8106177688582848,0.05,0.48387096774193544,0.3191489361702128,0.625,0.39473684210526316,0.44999999999999996,0.9869281045751634,0.9741935483870968,0.9805194805194806,0.993421052631579
3,sel3,1,1320-122617-0000.flac,0.8297872340425532,0.18238993710691823,0.90625,0.1858974358974359,0.30851063829787234,0.9936305732484076,0.9936305732484076,1.0,0.9968051118210862,0.12179487179487179,1.0,0.12179487179487179,0.21714285714285714,0.9935897435897436,1.0,0.9935897435897436,0.9967845659163987,0.0641025641025641,1.0,0.0641025641025641,0.12048192771084336,0.967948717948718,1.0,0.967948717948718,0.9837133550488599,0.7120493230323632,0.8332859503507706,0.8301282051282051,0.831486094652664,0.05,0.4052863436123348,0.2541436464088398,0.647887323943662,0.2948717948717949,0.35,1.0,1.0,1.0,1.0
4,sel4,0,1580-141083-0001.flac,0.9042553191489362,0.19411764705882353,1.0,0.19411764705882353,0.3251231527093596,0.930635838150289,0.9817073170731707,0.9470588235294117,0.9640718562874251,0.12352941176470589,1.0,0.12352941176470589,0.2198952879581152,0.9058823529411765,1.0,0.9058823529411765,0.9506172839506173,0.07647058823529412,1.0,0.07647058823529412,0.14207650273224046,0.8705882352941177,1.0,0.8705882352941177,0.9308176100628931,0.8241513992941345,0.9057520558760157,0.9014705882352938,0.9034904490399693,0.05,0.5461847389558233,0.3756906077348066,0.8607594936708861,0.4,0.2,0.9734513274336284,0.9482758620689655,0.9763313609467456,0.9705882352941176
4,sel4,1,1995-1836-0001.flac,0.9042553191489362,0.08333333333333333,0.6,0.08823529411764706,0.15384615384615385,1.0,1.0,1.0,1.0,0.05232558139534884,0.8181818181818182,0.052941176470588235,0.09944751381215469,0.9941176470588236,1.0,0.9941176470588236,0.9970501474926253,0.023529411764705882,1.0,0.023529411764705882,0.04597701149425288,0.9941176470588236,1.0,0.9941176470588236,0.9970501474926253,0.8241513992941345,0.9057520558760157,0.9014705882352938,0.9034904490399693,0.05,0.2803738317757009,0.16304347826086957,0.6818181818181818,0.17647058823529413,0.3,1.0,1.0,1.0,1.0
5,sel5,0,2094-142345-0001.flac,0.8191489361702128,0.18012422360248448,0.8055555555555556,0.18831168831168832,0.30526315789473685,0.9565217391304348,0.9565217391304348,1.0,0.9777777777777777,0.07096774193548387,0.9166666666666666,0.07142857142857142,0.1325301204819277,0.9806451612903225,0.9934640522875817,0.987012987012987,0.990228013029316,0.05194805194805195,1.0,0.05194805194805195,0.09876543209876544,0.961038961038961,1.0,0.961038961038961,0.9801324503311257,0.6982256604140711,0.8229813411037451,0.8214285714285715,0.8219383028911282,0.05,0.42396313364055294,0.26900584795321636,0.7301587301587301,0.2987012987012987,0.44999999999999996,0.9967637540453074,0.9935483870967742,0.9935483870967742,1.0
5,sel5,1,2300-131720-0000.flac,0.9148936170212766,0.23163841807909605,0.8913043478260869,0.23837209302325582,0.3761467889908257,0.949438202247191,0.9657142857142857,0.9825581395348837,0.9740634005763689,0.15028901734104047,0.9629629629629629,0.1511627906976744,0.2613065326633166,0.9593023255813954,1.0,0.9593023255813954,0.9792284866468843,0.08139534883720931,1.0,0.08139534883720931,0.15053763440860218,0.9244186046511628,1.0,0.9244186046511628,0.9607250755287009,0.8404928711504033,0.9155187731716421,0.9110465116279072,0.9131596508005275,0.05,0.5669291338582677,0.3956043956043956,0.8780487804878049,0.4186046511627907,0.44999999999999996,0.9852507374631269,0.9709302325581395,1.0,0.9709302325581395
6,sel6,0,237-134500-0000.flac,0.8404255319148937,0.5748502994011976,0.9142857142857143,0.6075949367088608,0.7300380228136882,0.38125,0.9682539682539683,0.3860759493670886,0.5520361990950227,0.36477987421383645,0.9830508474576272,0.3670886075949367,0.534562211981567,0.2848101265822785,1.0,0.2848101265822785,0.44334975369458135,0.12025316455696203,1.0,0.12025316455696203,0.21468926553672318,0.26582278481012656,1.0,0.26582278481012656,0.41999999999999993,0.7270728615664691,0.843814054815288,0.8398734177215189,0.8416391471765667,0.05,0.8258064516129032,0.7032967032967034,0.8421052631578947,0.810126582278481,0.05,0.9072847682119205,0.8303030303030303,0.9513888888888888,0.8670886075949367
6,sel6,1,260-123440-0001.flac,0.32978723404255317,0.04065040650406504,0.07575757575757576,0.08064516129032258,0.078125,0.37575757575757573,0.37575757575757573,1.0,0.5462555066079295,0.019230769230769232,0.045454545454545456,0.03225806451612903,0.03773584905660377,0.3924050632911392,0.3924050632911392,1.0,0.5636363636363637,0.0,0.0,0.0,0.0,0.38961038961038963,0.39473684210526316,0.967741935483871,0.5607476635514018,0.1900178851697373,0.32347415442020944,0.3153225806451613,0.31841000295086197,0.05,0.2702702702702703,0.15625,0.2032520325203252,0.4032258064516129,0.7999999999999999,0.5714285714285714,0.4,0.40540540540540543,0.967741935483871
7,sel7,0,2830-3980-0001.flac,0.8936170212765957,0.2608695652173913,0.75,0.2857142857142857,0.4137931034482759,0.9642857142857143,1.0,0.9642857142857143,0.9818181818181818,0.10714285714285714,1.0,0.10714285714285714,0.19354838709677416,0.9226190476190477,1.0,0.9226190476190477,0.9597523219814241,0.023809523809523808,1.0,0.023809523809523808,0.046511627906976744,0.8630952380952381,1.0,0.8630952380952381,0.9265175718849841,0.8072841144206955,0.8954005006267762,0.8913690476190478,0.8932538615481492,0.05,0.7297297297297298,0.574468085106383,0.84375,0.6428571428571429,0.15,0.9881656804733727,0.9766081871345029,0.9823529411764705,0.9940476190476191
7,sel7,1,2961-960-0001.flac,0.8191489361702128,0.2064516129032258,0.9696969696969697,0.2077922077922078,0.3422459893048128,0.7869822485207101,0.8986486486486487,0.8636363636363636,0.8807947019867549,0.16233766233766234,1.0,0.16233766233766234,0.27932960893854747,0.7810650887573964,0.8979591836734694,0.8571428571428571,0.8770764119601329,0.08441558441558442,1.0,0.08441558441558442,0.155688622754491,0.7738095238095238,0.9027777777777778,0.8441558441558441,0.87248322147651,0.6982256604140711,0.8229813411037451,0.8214285714285715,0.8219383028911282,0.05,0.4744186046511628,0.31097560975609756,0.8360655737704918,0.33116883116883117,0.05,0.8993710691823901,0.8171428571428572,0.8719512195121951,0.9285714285714286
8,sel8,0,3570-5694-0001.flac,0.8297872340425532,0.09883720930232558,0.5151515151515151,0.10897435897435898,0.17989417989417988,0.975,0.975,1.0,0.9873417721518987,0.05454545454545454,0.5,0.057692307692307696,0.10344827586206896,0.9935897435897436,1.0,0.9935897435897436,0.9967845659163987,0.031446540880503145,0.625,0.03205128205128205,0.06097560975609755,0.9615384615384616,1.0,0.9615384615384616,0.9803921568627451,0.7120493230323632,0.8332859503507706,0.8301282051282051,0.831486094652664,0.05,0.28436018957345977,0.16574585635359115,0.5454545454545454,0.19230769230769232,0.39999999999999997,1.0,1.0,1.0,1.0
8,sel8,1,3575-170457-0000.flac,0.851063829787234,0.1791907514450867,0.7045454545454546,0.19375,0.30392156862745096,0.9580838323353293,0.9580838323353293,1.0,0.9785932721712538,0.11801242236024845,0.95,0.11875,0.21111111111111114,0.9696969696969697,0.9696969696969697,1.0,0.9846153846153847,0.075,1.0,0.075,0.13953488372093023,0.975609756097561,0.975609756097561,1.0,0.9876543209876543,0.7463267699095508,0.8566083517314012,0.8528125,0.8545078660767403,0.05,0.48979591836734687,0.32432432432432434,0.7058823529411765,0.375,0.65,0.9876543209876543,0.975609756097561,0.975609756097561,1.0
9,sel9,0,3729-6852-0001.flac,0.7872340425531915,0.14772727272727273,0.48148148148148145,0.17567567567567569,0.25742574257425743,0.8674698795180723,0.8888888888888888,0.972972972972973,0.9290322580645162,0.09615384615384616,0.6521739130434783,0.10135135135135136,0.1754385964912281,0.9342105263157895,0.9726027397260274,0.9594594594594594,0.9659863945578231,0.033783783783783786,1.0,0.033783783783783786,0.06535947712418301,0.9060402684563759,0.9926470588235294,0.9121621621621622,0.9507042253521126,0.6488537936226797,0.7889703470173652,0.7847972972972974,0.7865717825448352,0.05,0.4710743801652893,0.3081081081081081,0.6063829787234043,0.38513513513513514,0.49999999999999994,0.9659863945578231,0.9342105263157895,0.9726027397260274,0.9594594594594594
9,sel9,1,4077-13754-0001.flac,0.851063829787234,0.07407407407407407,0.8571428571428571,0.075,0.13793103448275862,1.0,1.0,1.0,1.0,0.0125,1.0,0.0125,0.02469135802469136,0.99375,1.0,0.99375,0.9968652037617556,0.00625,1.0,0.00625,0.012422360248447204,0.98125,1.0,0.98125,0.9905362776025236,0.7463267699095508,0.8566083517314012,0.8528125,0.8545078660767403,0.05,0.2751322751322751,0.15950920245398773,0.896551724137931,0.1625,0.3,1.0,1.0,1.0,1.0
10,sel10,0,4446-2271-0001.flac,0.851063829787234,0.2625,1.0,0.2625,0.4158415841584159,0.8132530120481928,0.9574468085106383,0.84375,0.8970099667774086,0.15625,1.0,0.15625,0.2702702702702703,0.7891566265060241,0.9562043795620438,0.81875,0.8821548821548822,0.04375,1.0,0.04375,0.08383233532934131,0.7590361445783133,0.9545454545454546,0.7875,0.8630136986301369,0.7396564560615007,0.8521617686031089,0.8484375,0.85009791057139,0.05,0.5407725321888411,0.37058823529411766,0.863013698630137,0.39375,0.05,0.9515151515151515,0.9075144508670521,0.9235294117647059,0.98125
10,sel10,1,4507-16021-0001.flac,0.7446808510638298,0.032467532467532464,0.2631578947368421,0.03571428571428571,0.06289308176100629,0.7771084337349398,0.832258064516129,0.9214285714285714,0.8745762711864405,0.006666666666666667,0.09090909090909091,0.007142857142857143,0.013245033112582781,0.7696969696969697,0.8355263157894737,0.9071428571428571,0.8698630136986301,0.0,0.0,0.0,0.0,0.7682926829268293,0.84,0.9,0.8689655172413793,0.6001112804709525,0.7512913654220583,0.7489285714285714,0.7496654278403398,0.05,0.20652173913043476,0.11515151515151516,0.4318181818181818,0.1357142857142857,0.15,0.8945686900958467,0.8092485549132948,0.8092485549132948,1.0
11,sel11,0,4970-29095-0001.flac,0.8191489361702128,0.1038961038961039,1.0,0.1038961038961039,0.18823529411764706,0.90625,0.9602649006622517,0.9415584415584416,0.9508196721311475,0.05844155844155844,1.0,0.05844155844155844,0.11042944785276072,0.8427672955974843,0.9640287769784173,0.8701298701298701,0.9146757679180887,0.025974025974025976,1.0,0.025974025974025976,0.05063291139240507,0.8164556962025317,0.9699248120300752,0.8376623376623377,0.8989547038327526,0.6982256604140711,0.8229813411037451,0.8214285714285715,0.8219383028911282,0.05,0.4636363636363636,0.30177514792899407,0.7727272727272727,0.33116883116883117,0.3,0.9508196721311475,0.90625,0.9602649006622517,0.9415584415584416
11,sel11,1,4992-41797-0000.flac,0.8404255319148937,0.2974683544303797,1.0,0.2974683544303797,0.4585365853658536,0.9515151515151515,0.9573170731707317,0.9936708860759493,0.9751552795031055,0.13291139240506328,1.0,0.13291139240506328,0.23463687150837986,0.9873417721518988,1.0,0.9873417721518988,0.9936305732484078,0.06329113924050633,1.0,0.06329113924050633,0.11904761904761907,0.9810126582278481,1.0,0.9810126582278481,0.9904153354632589,0.7298861167644582,0.8457825113719819,0.841772151898734,0.8435717813120569,0.05,0.6923076923076924,0.5294117647058824,0.8823529411764706,0.569620253164557,0.39999999999999997,0.9968253968253968,0.9936708860759493,1.0,0.9936708860759493
12,sel12,0,5105-28241-0000.flac,0.8617021276595744,0.13414634146341464,0.9166666666666666,0.13580246913580246,0.23655913978494622,0.8852459016393442,0.8852459016393442,1.0,0.9391304347826086,0.09259259259259259,1.0,0.09259259259259259,0.1694915254237288,0.9,0.9,1.0,0.9473684210526316,0.06172839506172839,1.0,0.06172839506172839,0.11627906976744184,0.8932584269662921,0.9085714285714286,0.9814814814814815,0.943620178041543,0.7575477053289367,0.865240520054481,0.858641975308642,0.8617211464797435,0.05,0.288659793814433,0.1686746987951807,0.875,0.1728395061728395,0.6,0.9501466275659824,0.9050279329608939,0.9050279329608939,1.0
12,sel12,1,5142-36377-0000.flac,0.9574468085106383,0.21195652173913043,0.9069767441860465,0.21666666666666667,0.34977578475336324,0.7513812154696132,0.9927007299270073,0.7555555555555555,0.8580441640378548,0.13333333333333333,1.0,0.13333333333333333,0.23529411764705882,0.7333333333333333,1.0,0.7333333333333333,0.846153846153846,0.08333333333333333,1.0,0.08333333333333333,0.15384615384615385,0.7166666666666667,1.0,0.7166666666666667,0.8349514563106796,0.9148025941517807,0.9565711473045578,0.9544444444444442,0.9554575151695358,0.05,0.5296442687747035,0.3602150537634409,0.9178082191780822,0.37222222222222223,0.05,0.9101449275362319,0.8351063829787234,0.9515151515151515,0.8722222222222222
13,sel13,0,5639-40744-0001.flac,0.8085106382978723,0.3170731707317073,0.8125,0.34210526315789475,0.4814814814814815,0.655367231638418,0.8226950354609929,0.7631578947368421,0.7918088737201365,0.23225806451612904,0.9230769230769231,0.23684210526315788,0.37696335078534027,0.64,0.8296296296296296,0.7368421052631579,0.7804878048780488,0.1503267973856209,0.9583333333333334,0.1513157894736842,0.2613636363636364,0.6162790697674418,0.8412698412698413,0.6973684210526315,0.7625899280575539,0.6839899507209052,0.8138485670219529,0.8108552631578947,0.8120089716324685,0.05,0.597609561752988,0.42613636363636365,0.7575757575757576,0.4934210526315789,0.05,0.8674698795180723,0.7659574468085106,0.8,0.9473684210526315
13,sel13,1,5683-32865-0001.flac,0.723404255319149,0.07352941176470588,1.0,0.07352941176470588,0.13698630136986303,0.5625,0.7122302158273381,0.7279411764705882,0.7199999999999999,0.04411764705882353,1.0,0.04411764705882353,0.08450704225352113,0.5397727272727273,0.7037037037037037,0.6985294117647058,0.7011070110701108,0.022058823529411766,1.0,0.022058823529411766,0.04316546762589929,0.5284090909090909,0.6992481203007519,0.6838235294117647,0.6914498141263941,0.5626370325967268,0.7214449398693958,0.7187499999999999,0.719654316253661,0.05,0.18666666666666665,0.10294117647058823,1.0,0.10294117647058823,0.05,0.7781569965870307,0.6368715083798883,0.7261146496815286,0.8382352941176471
14,sel14,0,61-70968-0000.flac,0.9148936170212766,0.26595744680851063,0.7575757575757576,0.29069767441860467,0.42016806722689076,0.9418604651162791,1.0,0.9418604651162791,0.970059880239521,0.10270270270270271,0.59375,0.11046511627906977,0.1862745098039216,0.877906976744186,1.0,0.877906976744186,0.934984520123839,0.01744186046511628,1.0,0.01744186046511628,0.03428571428571429,0.8313953488372093,1.0,0.8313953488372093,0.9079365079365079,0.8414693619990563,0.9161209452862895,0.9116279069767442,0.91375130507611,0.05,0.6125461254612546,0.44148936170212766,0.8383838383838383,0.48255813953488375,0.2,0.9970845481049563,0.9941860465116279,1.0,0.9941860465116279
14,sel14,1,672-122797-0001.flac,0.7446808510638298,0.23529411764705882,0.7346938775510204,0.2571428571428571,0.38095238095238093,0.8343949044585988,0.8851351351351351,0.9357142857142857,0.9097222222222222,0.18620689655172415,0.84375,0.19285714285714287,0.313953488372093,0.7677419354838709,0.8880597014925373,0.85,0.8686131386861314,0.06428571428571428,1.0,0.06428571428571428,0.12080536912751677,0.75,0.9047619047619048,0.8142857142857143,0.857142857142857,0.5979071325663907,0.7494807854317,0.7471428571428571,0.7478690904189118,0.05,0.47572815533980584,0.31210191082802546,0.7424242424242424,0.35,0.2,0.9235880398671096,0.8580246913580247,0.8633540372670807,0.9928571428571429
15,sel15,0,6829-68769-0000.flac,0.8829787234042553,0.26737967914438504,0.704225352112676,0.30120481927710846,0.4219409282700422,0.9281437125748503,0.9935897435897436,0.9337349397590361,0.9627329192546583,0.10497237569060773,0.5588235294117647,0.1144578313253012,0.19,0.927710843373494,1.0,0.927710843373494,0.9625,0.047619047619047616,0.8,0.04819277108433735,0.09090909090909091,0.9156626506024096,1.0,0.9156626506024096,0.9559748427672956,0.7921999591855959,0.8852250958004546,0.8828313253012048,0.8838667533520269,0.05,0.5811320754716981,0.4095744680851064,0.7777777777777778,0.463855421686747,0.05,0.9732937685459939,0.9479768786127167,0.9590643274853801,0.9879518072289156
15,sel15,1,6930-75918-0000.flac,0.8085106382978723,0.05806451612903226,0.75,0.05921052631578947,0.10975609756097561,0.9101796407185628,0.9101796407185628,1.0,0.9529780564263323,0.032467532467532464,0.7142857142857143,0.03289473684210526,0.06289308176100628,0.9036144578313253,0.9146341463414634,0.9868421052631579,0.949367088607595,0.0196078431372549,0.75,0.019736842105263157,0.03846153846153846,0.8727272727272727,0.9171974522292994,0.9473684210526315,0.9320388349514562,0.6821914310416474,0.8123755640024706,0.8095394736842104,0.8106177688582848,0.05,0.23463687150837992,0.13291139240506328,0.7777777777777778,0.13815789473684212,0.35,0.9559748427672956,0.9156626506024096,0.9156626506024096,1.0
16,sel16,0,7021-79759-0000.flac,0.6382978723404256,0.013513513513513514,0.06666666666666667,0.016666666666666666,0.02666666666666667,0.7272727272727273,0.7272727272727273,1.0,0.8421052631578948,0.0,0.0,0.0,0.0,0.7267080745341615,0.740506329113924,0.975,0.841726618705036,0.0,0.0,0.0,0.0,0.7051282051282052,0.7534246575342466,0.9166666666666666,0.8270676691729323,0.47277057560214325,0.6417424398768993,0.6416666666666666,0.6413913011841806,0.05,0.20930232558139533,0.11688311688311688,0.34615384615384615,0.15,0.39999999999999997,0.851063829787234,0.7407407407407407,0.7407407407407407,1.0
16,sel16,1,7127-75947-0001.flac,0.851063829787234,0.1871345029239766,0.7441860465116279,0.2,0.31527093596059114,0.7962962962962963,0.9847328244274809,0.80625,0.8865979381443299,0.13496932515337423,0.88,0.1375,0.23783783783783785,0.75,1.0,0.75,0.8571428571428571,0.06875,1.0,0.06875,0.1286549707602339,0.7125,1.0,0.7125,0.832116788321168,0.7463267699095508,0.8566083517314012,0.8528125,0.8545078660767403,0.05,0.4051724137931034,0.25405405405405407,0.6527777777777778,0.29375,0.05,0.925,0.8604651162790697,0.925,0.925
17,sel17,0,7176-92135-0000.flac,0.9148936170212766,0.45348837209302323,1.0,0.45348837209302323,0.624,0.9827586206896551,0.9884393063583815,0.9941860465116279,0.991304347826087,0.2616279069767442,1.0,0.2616279069767442,0.4147465437788019,0.9593023255813954,1.0,0.9593023255813954,0.9792284866468843,0.12209302325581395,1.0,0.12209302325581395,0.21761658031088082,0.9186046511627907,1.0,0.9186046511627907,0.9575757575757576,0.8414693619990563,0.9161209452862895,0.9116279069767442,0.91375130507611,0.05,0.7903780068728523,0.6534090909090909,0.9663865546218487,0.6686046511627907,0.3,0.991304347826087,0.9827586206896551,0.9884393063583815,0.9941860465116279
17,sel17,1,7729-102255-0000.flac,0.925531914893617,0.1206896551724138,1.0,0.1206896551724138,0.21538461538461542,0.9714285714285714,0.9941520467836257,0.9770114942528736,0.9855072463768115,0.07471264367816093,1.0,0.07471264367816093,0.13903743315508024,0.9712643678160919,1.0,0.9712643678160919,0.9854227405247813,0.05172413793103448,1.0,0.05172413793103448,0.09836065573770492,0.9367816091954023,1.0,0.9367816091954023,0.9673590504451038,0.8571289778156224,0.9257040178930052,0.9204022988505749,0.9229354487597933,0.05,0.29411764705882354,0.1724137931034483,1.0,0.1724137931034483,0.15,0.9857549857549857,0.9719101123595506,0.9774011299435028,0.9942528735632183
18,sel18,0,8224-274384-0000.flac,0.6808510638297872,0.16666666666666666,0.38666666666666666,0.2265625,0.2857142857142857,0.8698630136986302,0.8758620689655172,0.9921875,0.9304029304029304,0.07236842105263158,0.3142857142857143,0.0859375,0.13496932515337423,0.8880597014925373,0.952,0.9296875,0.9407114624505929,0.030534351145038167,0.5714285714285714,0.03125,0.05925925925925926,0.8515625,1.0,0.8515625,0.919831223628692,0.5190452158044605,0.6829863286087019,0.6828125,0.6825289823602262,0.05,0.3755458515283843,0.23118279569892472,0.42574257425742573,0.3359375,0.6,0.9508196721311475,0.90625,1.0,0.90625
18,sel18,1,8230-279154-0000.flac,0.9148936170212766,0.05813953488372093,1.0,0.05813953488372093,0.10989010989010987,0.9885057471264368,0.9885057471264368,1.0,0.9942196531791908,0.046511627906976744,1.0,0.046511627906976744,0.08888888888888888,0.9826589595375722,0.9941520467836257,0.9883720930232558,0.9912536443148688,0.029069767441860465,1.0,0.029069767441860465,0.05649717514124294,0.9825581395348837,1.0,0.9825581395348837,0.9912023460410557,0.8414693619990563,0.9161209452862895,0.9116279069767442,0.91375130507611,0.05,0.16042780748663102,0.0872093023255814,1.0,0.0872093023255814,0.35,0.9971014492753623,0.9942196531791907,0.9942196531791907,1.0
19,sel19,0,8455-210777-0000.flac,0.7659574468085106,0.2549019607843137,0.8125,0.2708333333333333,0.40625,0.8228571428571428,0.8228571428571428,1.0,0.90282131661442,0.12162162162162163,0.8181818181818182,0.125,0.21686746987951808,0.8092485549132948,0.8284023668639053,0.9722222222222222,0.8945686900958467,0.041379310344827586,0.8571428571428571,0.041666666666666664,0.07947019867549669,0.7965116279069767,0.8303030303030303,0.9513888888888888,0.8867313915857605,0.6232222085720801,0.7698904191299618,0.7656250000000001,0.7673537736475128,0.05,0.5795918367346938,0.40804597701149425,0.7029702970297029,0.4930555555555556,0.35,0.9085173501577287,0.8323699421965318,0.8323699421965318,1.0
19,sel19,1,8463-287645-0001.flac,0.925531914893617,0.25268817204301075,0.7966101694915254,0.27011494252873564,0.4034334763948498,0.7828571428571428,0.9927536231884058,0.7873563218390804,0.8782051282051281,0.15053763440860216,0.7,0.16091954022988506,0.2616822429906542,0.7586206896551724,1.0,0.7586206896551724,0.8627450980392156,0.06179775280898876,0.7333333333333333,0.06321839080459771,0.11640211640211642,0.7528735632183908,1.0,0.7528735632183908,0.859016393442623,0.8571289778156224,0.9257040178930052,0.9204022988505749,0.9229354487597933,0.05,0.47154471544715443,0.30851063829787234,0.8055555555555556,0.3333333333333333,0.05,0.8902439024390243,0.8021978021978022,0.948051948051948,0.8390804597701149
20,sel20,0,8555-292519-0000.flac,0.8085106382978723,0.08552631578947369,1.0,0.08552631578947369,0.1575757575757576,0.949685534591195,0.9556962025316456,0.993421052631579,0.9741935483870968,0.03289473684210526,1.0,0.03289473684210526,0.06369426751592357,0.9868421052631579,1.0,0.9868421052631579,0.9933774834437086,0.013157894736842105,1.0,0.013157894736842105,0.025974025974025976,0.9802631578947368,1.0,0.9802631578947368,0.9900332225913622,0.6821914310416474,0.8123755640024706,0.8095394736842104,0.8106177688582848,0.05,0.2824858757062147,0.16447368421052633,1.0,0.16447368421052633,0.49999999999999994,0.9933774834437086,0.9868421052631579,1.0,0.9868421052631579
20,sel20,1,908-157963-0000.flac,0.9148936170212766,0.1907514450867052,0.9705882352941176,0.19186046511627908,0.32038834951456313,0.9885057471264368,0.9885057471264368,1.0,0.9942196531791908,0.13372093023255813,1.0,0.13372093023255813,0.23589743589743586,0.9942196531791907,0.9942196531791907,1.0,0.9971014492753623,0.06395348837209303,1.0,0.06395348837209303,0.12021857923497267,0.976878612716763,0.9941176470588236,0.9825581395348837,0.9883040935672515,0.8414693619990563,0.9161209452862895,0.9116279069767442,0.91375130507611,0.05,0.5317460317460317,0.3621621621621622,0.8375,0.38953488372093026,0.35,0.9971014492753623,0.9942196531791907,0.9942196531791907,1.0
21,hold1,0,1272-128104-0000.flac,0.8297872340425532,0.24848484848484848,0.82,0.26282051282051283,0.39805825242718446,0.867816091954023,0.893491124260355,0.967948717948718,0.9292307692307692,0.10897435897435898,1.0,0.10897435897435898,0.19653179190751444,0.8421052631578947,0.9056603773584906,0.9230769230769231,0.9142857142857143,0.02564102564102564,1.0,0.02564102564102564,0.05,0.7894736842105263,0.9,0.8653846153846154,0.8823529411764707,0.7120493230323632,0.8332859503507706,0.8301282051282051,0.831486094652664,0.05,0.6834532374100719,0.5191256830601093,0.7786885245901639,0.6089743589743589,0.35,0.9345794392523366,0.8771929824561403,0.9090909090909091,0.9615384615384616
21,hold1,1,1462-170138-0001.flac,0.9148936170212766,0.13953488372093023,1.0,0.13953488372093023,0.24489795918367346,0.9069767441860465,1.0,0.9069767441860465,0.951219512195122,0.09302325581395349,1.0,0.09302325581395349,0.1702127659574468,0.9011627906976745,1.0,0.9011627906976745,0.9480122324159022,0.040697674418604654,1.0,0.040697674418604654,0.0782122905027933,0.8953488372093024,1.0,0.8953488372093024,0.9447852760736196,0.8414693619990563,0.9161209452862895,0.9116279069767442,0.91375130507611,0.05,0.4292237442922374,0.27325581395348836,1.0,0.27325581395348836,0.3,0.951219512195122,0.9069767441860465,1.0,0.9069767441860465
22,hold2,0,1673-143396-0000.flac,0.8723404255319149,0.24719101123595505,0.7586206896551724,0.2682926829268293,0.3963963963963964,0.9337349397590361,0.9872611464968153,0.9451219512195121,0.9657320872274143,0.10240963855421686,0.8947368421052632,0.10365853658536585,0.18579234972677594,0.9085365853658537,1.0,0.9085365853658537,0.9520766773162939,0.024390243902439025,1.0,0.024390243902439025,0.047619047619047616,0.8841463414634146,1.0,0.8841463414634146,0.9385113268608414,0.775279923012406,0.8750929040413278,0.8716463414634145,0.873176610326324,0.05,0.7297297297297297,0.574468085106383,0.8181818181818182,0.6585365853658537,0.1,0.9700598802395209,0.9418604651162791,0.9529411764705882,0.9878048780487805
22,hold2,1,174-50561-0001.flac,0.776595744680851,0.06040268456375839,0.75,0.06164383561643835,0.11392405063291139,0.874251497005988,0.874251497005988,1.0,0.9329073482428115,0.02027027027027027,0.6,0.02054794520547945,0.039735099337748346,0.8674698795180723,0.8780487804878049,0.9863013698630136,0.9290322580645162,0.02040816326530612,0.75,0.02054794520547945,0.04,0.8650306748466258,0.8924050632911392,0.9657534246575342,0.9276315789473684,0.6394005599681667,0.7827544750541865,0.7770547945205479,0.7795546277326303,0.05,0.18181818181818182,0.1,0.7894736842105263,0.10273972602739725,0.35,0.9358974358974359,0.8795180722891566,0.8795180722891566,1.0
23,hold3,0,1988-147956-0001.flac,0.7553191489361702,0.12345679012345678,0.5,0.14084507042253522,0.21978021978021978,0.7764705882352941,0.825,0.9295774647887324,0.8741721854304636,0.05161290322580645,0.38095238095238093,0.056338028169014086,0.09815950920245399,0.7678571428571429,0.832258064516129,0.9084507042253521,0.8686868686868686,0.006802721088435374,0.16666666666666666,0.007042253521126761,0.013513513513513516,0.7365269461077845,0.831081081081081,0.8661971830985915,0.8482758620689653,0.6112459973995231,0.7595731064120375,0.7570422535211266,0.7578716662002741,0.05,0.3823529411764706,0.23636363636363636,0.6290322580645161,0.2746478873239437,0.3,0.8741721854304636,0.7764705882352941,0.825,0.9295774647887324
23,hold3,1,1993-147965-0000.flac,0.8936170212765957,0.2824858757062147,0.847457627118644,0.2976190476190476,0.4405286343612334,0.8214285714285714,1.0,0.8214285714285714,0.9019607843137255,0.15476190476190477,1.0,0.15476190476190477,0.2680412371134021,0.8095238095238095,1.0,0.8095238095238095,0.8947368421052632,0.041666666666666664,1.0,0.041666666666666664,0.07999999999999999,0.7857142857142857,1.0,0.7857142857142857,0.88,0.8072841144206955,0.8954005006267762,0.8913690476190478,0.8932538615481492,0.05,0.5179282868525896,0.34946236559139787,0.7831325301204819,0.3869047619047619,0.15,0.9142857142857143,0.8421052631578947,0.9795918367346939,0.8571428571428571
24,hold4,0,2035-147960-0000.flac,0.9148936170212766,0.06976744186046512,1.0,0.06976744186046512,0.13043478260869565,0.9534883720930233,1.0,0.9534883720930233,0.9761904761904763,0.05232558139534884,1.0,0.05232558139534884,0.09944751381215469,0.936046511627907,1.0,0.936046511627907,0.966966966966967,0.023255813953488372,1.0,0.023255813953488372,0.04545454545454545,0.9011627906976745,1.0,0.9011627906976745,0.9480122324159022,0.8414693619990563,0.9161209452862895,0.9116279069767442,0.91375130507611,0.05,0.2613065326633166,0.15028901734104047,0.9629629629629629,0.1511627906976744,0.25,0.9792284866468843,0.9593023255813954,1.0,0.9593023255813954
24,hold4,1,2078-142845-0000.flac,0.4787234042553192,0.1328125,0.3090909090909091,0.18888888888888888,0.23448275862068965,0.8817204301075269,0.9647058823529412,0.9111111111111111,0.9371428571428572,0.0297029702970297,0.21428571428571427,0.03333333333333333,0.057692307692307696,0.8804347826086957,0.9759036144578314,0.9,0.9364161849710982,0.02127659574468085,0.3333333333333333,0.022222222222222223,0.04166666666666667,0.8791208791208791,0.9876543209876543,0.8888888888888888,0.935672514619883,0.30552170639547205,0.4704123104414175,0.4644444444444445,0.4667780412570532,0.05,0.3867403314917128,0.23972602739726026,0.38461538461538464,0.3888888888888889,0.25,0.9431818181818181,0.8924731182795699,0.9651162790697675,0.9222222222222223
25,hold5,0,2086-149214-0000.flac,0.8191489361702128,0.27932960893854747,0.6666666666666666,0.3246753246753247,0.4366812227074236,0.8064516129032258,0.8241758241758241,0.974025974025974,0.8928571428571428,0.15976331360946747,0.6428571428571429,0.17532467532467533,0.2755102040816327,0.8470588235294118,0.9,0.935064935064935,0.9171974522292993,0.06918238993710692,0.6875,0.07142857142857142,0.12941176470588237,0.8224852071005917,0.9025974025974026,0.9025974025974026,0.9025974025974026,0.6991230502465855,0.8236254249968544,0.822077922077922,0.8225847614141566,0.05,0.5748031496062992,0.40331491712707185,0.73,0.474025974025974,0.44999999999999996,0.9240506329113924,0.8588235294117647,0.9012345679012346,0.948051948051948
25,hold5,1,2277-149896-0000.flac,0.9042553191489362,0.05945945945945946,0.4230769230769231,0.06470588235294118,0.11224489795918369,0.8823529411764706,1.0,0.8823529411764706,0.9375,0.05084745762711865,0.5625,0.052941176470588235,0.09677419354838708,0.8588235294117647,1.0,0.8588235294117647,0.9240506329113923,0.04046242774566474,0.7,0.041176470588235294,0.07777777777777778,0.8470588235294118,1.0,0.8470588235294118,0.9171974522292993,0.8241513992941345,0.9057520558760157,0.9014705882352938,0.9034904490399693,0.05,0.21904761904761905,0.12299465240641712,0.575,0.13529411764705881,0.05,0.9704142011834319,0.9425287356321839,0.9761904761904762,0.9647058823529412
26,hold6,0,2428-83705-0000.flac,0.8723404255319149,0.5333333333333333,0.9887640449438202,0.5365853658536586,0.6956521739130435,0.9512195121951219,1.0,0.9512195121951219,0.975,0.31097560975609756,1.0,0.31097560975609756,0.47441860465116276,0.9146341463414634,1.0,0.9146341463414634,0.9554140127388536,0.14634146341463414,1.0,0.14634146341463414,0.2553191489361702,0.8780487804878049,1.0,0.8780487804878049,0.9350649350649352,0.775279923012406,0.8750929040413278,0.8716463414634145,0.873176610326324,0.05,0.8606811145510835,0.7554347826086957,0.8742138364779874,0.8475609756097561,0.15,0.9759036144578312,0.9529411764705882,0.9642857142857143,0.9878048780487805
26,hold6,1,251-136532-0000.flac,0.6914893617021277,0.11194029850746269,0.7894736842105263,0.11538461538461539,0.20134228187919465,0.9219858156028369,0.9219858156028369,1.0,0.959409594095941,0.06153846153846154,1.0,0.06153846153846154,0.11594202898550725,0.9420289855072463,0.9420289855072463,1.0,0.9701492537313433,0.015384615384615385,1.0,0.015384615384615385,0.030303030303030307,0.9629629629629629,0.9629629629629629,1.0,0.9811320754716981,0.5320027696884788,0.6946756443070907,0.6938461538461537,0.6938993502934561,0.05,0.4067796610169491,0.2553191489361702,0.7659574468085106,0.27692307692307694,0.75,0.9848484848484849,0.9701492537313433,0.9701492537313433,1.0
27,hold7,0,2803-161169-0001.flac,0.8404255319148937,0.1340782122905028,0.5333333333333333,0.1518987341772152,0.23645320197044334,0.9294117647058824,0.9294117647058824,1.0,0.9634146341463414,0.06432748538011696,0.4583333333333333,0.06962025316455696,0.12087912087912088,0.9289940828402367,0.9345238095238095,0.9936708860759493,0.9631901840490797,0.012121212121212121,0.2222222222222222,0.012658227848101266,0.02395209580838323,0.9345238095238095,0.9401197604790419,0.9936708860759493,0.9661538461538461,0.7298861167644582,0.8457825113719819,0.841772151898734,0.8435717813120569,0.05,0.42608695652173917,0.27071823204419887,0.6805555555555556,0.310126582278481,0.44999999999999996,0.9663608562691132,0.9349112426035503,0.9349112426035503,1.0
27,hold7,1,2902-9006-0000.flac,0.9042553191489362,0.27956989247311825,0.7647058823529411,0.3058823529411765,0.4369747899159664,0.8771929824561403,0.9933774834437086,0.8823529411764706,0.9345794392523363,0.16292134831460675,0.7837837837837838,0.17058823529411765,0.2801932367149758,0.8588235294117647,1.0,0.8588235294117647,0.9240506329113923,0.08670520231213873,0.8333333333333334,0.08823529411764706,0.1595744680851064,0.8235294117647058,1.0,0.8235294117647058,0.9032258064516129,0.8241513992941345,0.9057520558760157,0.9014705882352938,0.9034904490399693,0.05,0.6022304832713754,0.4308510638297872,0.8181818181818182,0.4764705882352941,0.05,0.9580838323353293,0.9195402298850575,0.975609756097561,0.9411764705882353
28,hold8,0,3000-15664-0000.flac,0.8404255319148937,0.09523809523809523,0.6153846153846154,0.10126582278481013,0.17391304347826086,0.8258426966292135,0.8802395209580839,0.930379746835443,0.9046153846153847,0.05,0.8,0.05063291139240506,0.09523809523809523,0.8333333333333334,0.9006211180124224,0.9177215189873418,0.9090909090909092,0.02531645569620253,1.0,0.02531645569620253,0.04938271604938272,0.7790697674418605,0.9054054054054054,0.8481012658227848,0.8758169934640523,0.7259955690809198,0.8432491194999141,0.839240506329114,0.8410376425784959,0.05,0.3098591549295775,0.18333333333333332,0.6,0.2088607594936709,0.39999999999999997,0.9096573208722742,0.8342857142857143,0.8957055214723927,0.9240506329113924
28,hold8,1,3081-166546-0001.flac,0.8191489361702128,0.11560693641618497,0.5128205128205128,0.12987012987012986,0.20725388601036268,0.7126436781609196,0.8611111111111112,0.8051948051948052,0.8322147651006712,0.05806451612903226,0.9,0.05844155844155844,0.10975609756097561,0.6976744186046512,0.8695652173913043,0.7792207792207793,0.821917808219178,0.025974025974025976,1.0,0.025974025974025976,0.05063291139240507,0.6900584795321637,0.8740740740740741,0.7662337662337663,0.8166089965397924,0.6982256604140711,0.8229813411037451,0.8214285714285715,0.8219383028911282,0.05,0.37614678899082565,0.23163841807909605,0.640625,0.2662337662337662,0.05,0.8395061728395061,0.723404255319149,0.8,0.8831168831168831
29,hold9,0,3170-137482-0000.flac,0.8297872340425532,0.21348314606741572,0.6333333333333333,0.24358974358974358,0.3518518518518518,1.0,1.0,1.0,1.0,0.09523809523809523,0.5714285714285714,0.10256410256410256,0.17391304347826086,0.9871794871794872,1.0,0.9871794871794872,0.9935483870967742,0.02564102564102564,1.0,0.02564102564102564,0.05,0.9551282051282052,1.0,0.9551282051282052,0.9770491803278688,0.7120493230323632,0.8332859503507706,0.8301282051282051,0.831486094652664,0.05,0.6376811594202899,0.46808510638297873,0.7333333333333333,0.5641025641025641,0.3,1.0,1.0,1.0,1.0
29,hold9,1,3752-4943-0000.flac,0.851063829787234,0.2392638036809816,0.9285714285714286,0.24375,0.38613861386138615,0.8433734939759037,0.958904109589041,0.875,0.9150326797385621,0.125,1.0,0.125,0.2222222222222222,0.8375,1.0,0.8375,0.9115646258503401,0.04375,1.0,0.04375,0.08383233532934131,0.81875,1.0,0.81875,0.9003436426116838,0.7463267699095508,0.8566083517314012,0.8528125,0.8545078660767403,0.05,0.622568093385214,0.4519774011299435,0.8247422680412371,0.5,0.35,0.9210526315789473,0.8536585365853658,0.9722222222222222,0.875
30,hold10,0,5338-284437-0000.flac,0.776595744680851,0.0958904109589041,1.0,0.0958904109589041,0.175,0.9276315789473685,0.9591836734693877,0.9657534246575342,0.962457337883959,0.0958904109589041,1.0,0.0958904109589041,0.175,0.9452054794520548,1.0,0.9452054794520548,0.971830985915493,0.06164383561643835,1.0,0.06164383561643835,0.11612903225806451,0.9246575342465754,1.0,0.9246575342465754,0.9608540925266905,0.643039118889376,0.7855788504801877,0.7797945205479452,0.7823372742399826,0.05,0.24096385542168672,0.136986301369863,1.0,0.136986301369863,0.44999999999999996,0.9720279720279721,0.9455782312925171,0.9928571428571429,0.952054794520548
30,hold10,1,5536-43358-0001.flac,0.8085106382978723,0.027624309392265192,0.14705882352941177,0.03289473684210526,0.05376344086021505,1.0,1.0,1.0,1.0,0.017045454545454544,0.1111111111111111,0.019736842105263157,0.0335195530726257,1.0,1.0,1.0,1.0,0.0,0.0,0.0,0.0,0.993421052631579,1.0,0.993421052631579,0.9966996699669968,0.6821914310416474,0.8123755640024706,0.8095394736842104,0.8106177688582848,0.05,0.10256410256410256,0.05405405405405406,0.23255813953488372,0.06578947368421052,0.2,1.0,1.0,1.0,1.0
31,hold11,0,5895-34629-0001.flac,0.8829787234042553,0.3567251461988304,0.9242424242424242,0.3674698795180723,0.5258620689655172,0.9707602339181286,0.9707602339181286,1.0,0.9851632047477744,0.20481927710843373,1.0,0.20481927710843373,0.34,0.963855421686747,1.0,0.963855421686747,0.9815950920245399,0.05421686746987952,1.0,0.05421686746987952,0.10285714285714286,0.927710843373494,1.0,0.927710843373494,0.9625,0.7921999591855959,0.8852250958004546,0.8828313253012048,0.8838667533520269,0.05,0.6903914590747331,0.5271739130434783,0.8434782608695652,0.5843373493975904,0.35,0.996996996996997,0.9940119760479041,0.9940119760479041,1.0
31,hold11,1,6295-244435-0000.flac,0.5957446808510638,0.375,0.68,0.45535714285714285,0.5454545454545454,0.8421052631578947,0.8421052631578947,1.0,0.9142857142857143,0.23255813953488372,0.6382978723404256,0.26785714285714285,0.37735849056603776,0.9032258064516129,0.9032258064516129,1.0,0.9491525423728813,0.10483870967741936,0.52,0.11607142857142858,0.1897810218978102,0.9083333333333333,0.9316239316239316,0.9732142857142857,0.9519650655021833,0.4298078598763032,0.602561455485491,0.5991071428571428,0.600527357502577,0.05,0.5797101449275361,0.40816326530612246,0.631578947368421,0.5357142857142857,0.75,0.960352422907489,0.923728813559322,0.9478260869565217,0.9732142857142857
32,hold12,0,6313-66125-0001.flac,0.9042553191489362,0.16939890710382513,0.7045454545454546,0.18235294117647058,0.2897196261682243,0.9882352941176471,1.0,0.9882352941176471,0.9940828402366864,0.1005586592178771,0.6666666666666666,0.10588235294117647,0.18274111675126906,0.9647058823529412,1.0,0.9647058823529412,0.9820359281437125,0.028735632183908046,0.5555555555555556,0.029411764705882353,0.0558659217877095,0.8941176470588236,1.0,0.8941176470588236,0.9440993788819877,0.8241513992941345,0.9057520558760157,0.9014705882352938,0.9034904490399693,0.05,0.48360655737704916,0.31891891891891894,0.7972972972972973,0.34705882352941175,0.25,0.9970674486803519,0.9941520467836257,0.9941520467836257,1.0
32,hold12,1,6319-57405-0000.flac,0.8191489361702128,0.1,0.7272727272727273,0.1038961038961039,0.18181818181818182,1.0,1.0,1.0,1.0,0.06329113924050633,0.7142857142857143,0.06493506493506493,0.11904761904761903,0.9935064935064936,1.0,0.9935064935064936,0.9967426710097721,0.03896103896103896,1.0,0.03896103896103896,0.07500000000000001,0.9935064935064936,1.0,0.9935064935064936,0.9967426710097721,0.6982256604140711,0.8229813411037451,0.8214285714285715,0.8219383028911282,0.05,0.2755102040816327,0.15976331360946747,0.6428571428571429,0.17532467532467533,0.25,1.0,1.0,1.0,1.0
33,hold13,0,6345-93302-0001.flac,0.8617021276595744,0.1419753086419753,1.0,0.1419753086419753,0.24864864864864863,0.9473684210526315,0.9473684210526315,1.0,0.972972972972973,0.06790123456790123,1.0,0.06790123456790123,0.12716763005780346,0.9226190476190477,0.9627329192546584,0.9567901234567902,0.9597523219814242,0.043209876543209874,1.0,0.043209876543209874,0.08284023668639053,0.8773006134969326,0.9930555555555556,0.8827160493827161,0.934640522875817,0.7575477053289367,0.865240520054481,0.858641975308642,0.8617211464797435,0.05,0.37623762376237624,0.23170731707317074,0.95,0.2345679012345679,0.39999999999999997,0.9759036144578312,0.9529411764705882,0.9529411764705882,1.0
33,hold13,1,777-126732-0000.flac,0.6702127659574468,0.09933774834437085,0.375,0.11904761904761904,0.18072289156626503,0.9692307692307692,0.9692307692307692,1.0,0.9843749999999999,0.051094890510948905,0.3888888888888889,0.05555555555555555,0.09722222222222222,0.9606299212598425,0.991869918699187,0.9682539682539683,0.9799196787148594,0.022900763358778626,0.375,0.023809523809523808,0.04477611940298507,0.9047619047619048,1.0,0.9047619047619048,0.9500000000000001,0.509084496736899,0.6759147014855678,0.673015873015873,0.6741276993352542,0.05,0.37320574162679426,0.22941176470588234,0.46987951807228917,0.30952380952380953,0.35,0.9921259842519685,0.984375,0.984375,1.0
34,hold14,0,7850-73752-0000.flac,0.851063829787234,0.20496894409937888,0.9705882352941176,0.20625,0.3402061855670103,0.8352272727272727,0.901840490797546,0.91875,0.9102167182662538,0.11875,1.0,0.11875,0.2122905027932961,0.863905325443787,0.9419354838709677,0.9125,0.9269841269841269,0.04375,1.0,0.04375,0.08383233532934131,0.8452380952380952,0.9466666666666667,0.8875,0.9161290322580645,0.7424904588767413,0.8540618713577551,0.8503124999999999,0.8519850258744809,0.05,0.5045045045045045,0.3373493975903614,0.9032258064516129,0.35,0.49999999999999994,0.9269841269841269,0.863905325443787,0.9419354838709677,0.9125
34,hold14,1,7976-110124-0000.flac,0.8297872340425532,0.3333333333333333,1.0,0.3333333333333333,0.5,0.8816568047337278,0.9197530864197531,0.9551282051282052,0.9371069182389936,0.1858974358974359,1.0,0.1858974358974359,0.31351351351351353,0.844311377245509,0.9276315789473685,0.9038461538461539,0.9155844155844156,0.08333333333333333,1.0,0.08333333333333333,0.15384615384615385,0.7964071856287425,0.9236111111111112,0.8525641025641025,0.8866666666666666,0.7120493230323632,0.8332859503507706,0.8301282051282051,0.831486094652664,0.05,0.6351931330472103,0.46540880503144655,0.961038961038961,0.47435897435897434,0.2,0.9541284403669724,0.9122807017543859,0.9122807017543859,1.0
35,hold15,0,8297-275156-0001.flac,0.7553191489361702,0.006944444444444444,0.3333333333333333,0.007042253521126761,0.013793103448275864,0.8304093567251462,0.8304093567251462,1.0,0.9073482428115015,0.006944444444444444,0.3333333333333333,0.007042253521126761,0.013793103448275864,0.8352941176470589,0.8352941176470589,1.0,0.9102564102564102,0.006993006993006993,0.5,0.007042253521126761,0.01388888888888889,0.8502994011976048,0.8502994011976048,1.0,0.9190938511326862,0.6140748758077035,0.7619778524926246,0.7595070422535211,0.7603105323289062,0.05,0.08,0.041666666666666664,0.75,0.04225352112676056,0.7,0.9190938511326862,0.8502994011976048,0.8502994011976048,1.0
35,hold15,1,84-121123-0001.flac,0.8936170212765957,0.3468208092485549,0.9230769230769231,0.35714285714285715,0.5150214592274679,0.7440476190476191,1.0,0.7440476190476191,0.8532423208191127,0.1952662721893491,0.9705882352941176,0.19642857142857142,0.3267326732673267,0.7023809523809523,1.0,0.7023809523809523,0.8251748251748251,0.047619047619047616,1.0,0.047619047619047616,0.0909090909090909,0.6845238095238095,1.0,0.6845238095238095,0.8127208480565371,0.8072841144206955,0.8954005006267762,0.8913690476190478,0.8932538615481492,0.05,0.5692307692307692,0.3978494623655914,0.8043478260869565,0.44047619047619047,0.05,0.9044585987261147,0.8255813953488372,0.9726027397260274,0.8452380952380952
